bit_index,feature
0,age
1,wage_per_hour
2,capital_gains
3,capital_losses
4,dividends_from_stocks
5,persons_worked_for_employer
6,weeks_worked_in_year
7,class_of_worker
8,industry_code
9,occupation_code
10,education
11,enrolled_in_education_last_week
12,marital_status
13,major_industry_code
14,major_occupation_code
15,race
16,hispanic_origin
17,sex
18,member_of_labor_union
19,reason_for_unemployment
20,full_or_part_time_employment_status
21,tax_filer_status
22,region_of_previous_residence
23,state_of_previous_residence
24,detailed_household_and_family_status
25,detailed_household_summary
26,migration_code_change_in_msa
27,migration_code_change_in_region
28,migration_code_move_within_region
29,lived_in_house_one_year_ago
30,migration_previous_residence_in_sunbelt
31,family_members_under_18
32,country_of_birth_father
33,country_of_birth_mother
34,country_of_birth_self
35,citizenship
36,own_business_or_self_employed
37,veterans_questionnaire
38,veterans_benefits
39,year
