seed,arm,status,stop_reason,chunks,snapshot_reason,locality,full_validation_wba,test_wba,features,mask,active_logical_calls,active_physical_calls,full_calls,diagnostic_calls,test_evaluations
44001,chc_qx,PASS_VALID_FINAL_MASK,full_no_change,3,stagnation_not_observed,neither_local,0.7235359879004651,0.7200211232126994,31,1111111101011011111110011000111111110111,862,812,136,82,1
44001,lambda_adaptive_qx,PASS_VALID_FINAL_MASK,full_no_change,4,stagnation_not_observed,neither_local,0.7189303077272649,0.7253658674237248,28,1011111111111101111100100010011111010110,208,158,4,82,1
44001,lambda_fixed1_qx,PASS_VALID_FINAL_MASK,full_no_change,3,first_whole_chunk_without_active_gain,neither_local,0.7216170575522661,0.7262665140029466,32,1011111111111011111110111010011111010111,110,60,1,82,1
44002,chc_qx,PASS_VALID_FINAL_MASK,full_no_change,4,first_whole_chunk_without_active_gain,neither_local,0.738017434268829,0.7230478987125468,28,1111111011110110111100010111110101010011,1342,1292,150,82,1
44002,lambda_adaptive_qx,PASS_VALID_FINAL_MASK,full_no_change,3,first_whole_chunk_without_active_gain,neither_local,0.7133392196997708,0.7172100233816336,26,0011101001111111010101001110110101101111,200,150,3,82,1
44002,lambda_fixed1_qx,PASS_VALID_FINAL_MASK,full_no_change,4,first_whole_chunk_without_active_gain,neither_local,0.7142362883540636,0.7183968989856067,27,0011101001111111010101001110110101111111,130,80,3,82,1
44003,chc_qx,PASS_VALID_FINAL_MASK,full_no_change,3,stagnation_not_observed,neither_local,0.7271526964547865,0.7267005789111979,30,1011101011111110110101110110101111110111,1224,1174,144,82,1
44003,lambda_adaptive_qx,PASS_VALID_FINAL_MASK,full_no_change,5,first_whole_chunk_without_active_gain,neither_local,0.7238837765819721,0.7289447652470114,30,1011111111101011011111011010111011101101,808,758,3,82,1
44003,lambda_fixed1_qx,PASS_VALID_FINAL_MASK,full_no_change,3,first_whole_chunk_without_active_gain,neither_local,0.7181556144324678,0.7262749499503521,38,0111111111111111111111011111111111111111,110,60,2,82,1
44004,chc_qx,PASS_VALID_FINAL_MASK,full_no_change,3,stagnation_not_observed,neither_local,0.7291805735333425,0.7278599544530069,28,1011111111111111111001001111000110100110,1139,1089,118,82,1
44004,lambda_adaptive_qx,PASS_VALID_FINAL_MASK,full_no_change,3,stagnation_not_observed,neither_local,0.7254015772322476,0.7296805483925515,29,1111111111101111010110110110101100111010,190,140,3,82,1
44004,lambda_fixed1_qx,PASS_VALID_FINAL_MASK,full_no_change,3,first_whole_chunk_without_active_gain,neither_local,0.7272474326891306,0.7274065533689665,29,1111111111101100011110110110101110111010,110,60,2,82,1
44005,chc_qx,PASS_VALID_FINAL_MASK,full_no_change,4,first_whole_chunk_without_active_gain,neither_local,0.7230038938054578,0.726487025831013,34,1111111111111000110111101111111111111011,1505,1455,151,82,1
44005,lambda_adaptive_qx,PASS_VALID_FINAL_MASK,full_no_change,3,stagnation_not_observed,neither_local,0.7136237381011465,0.7221764460772508,28,0111111101111010110011011001101111110011,126,76,3,82,1
44005,lambda_fixed1_qx,PASS_VALID_FINAL_MASK,full_no_change,7,first_whole_chunk_without_active_gain,neither_local,0.7185567818812275,0.7244243859421213,28,0111111111111010110101011011101110000111,190,140,5,82,1
44006,chc_qx,PASS_VALID_FINAL_MASK,full_no_change,4,first_whole_chunk_without_active_gain,approximate_only_false_local,0.7261108858509422,0.723692129119796,24,1011111111110000011000000111111000111011,1110,1060,152,82,1
44006,lambda_adaptive_qx,PASS_VALID_FINAL_MASK,full_no_change,6,first_whole_chunk_without_active_gain,approximate_only_false_local,0.7071226386809728,0.7190145880193247,28,1011111100110111111110101110010010101111,904,854,3,82,1
44006,lambda_fixed1_qx,PASS_VALID_FINAL_MASK,full_no_change,4,first_whole_chunk_without_active_gain,neither_local,0.7033079056758604,0.7177411997890937,30,1011111100110111111010101010011111111111,130,80,3,82,1
44007,chc_qx,PASS_VALID_FINAL_MASK,full_no_change,3,first_whole_chunk_without_active_gain,neither_local,0.729442914144923,0.7236992103124775,31,1011111101110111111111111000111101101011,934,884,126,82,1
44007,lambda_adaptive_qx,PASS_VALID_FINAL_MASK,full_no_change,3,stagnation_not_observed,neither_local,0.7257873805531956,0.7192805474442636,28,0011101101111111011111111110010100111010,136,86,3,82,1
44007,lambda_fixed1_qx,PASS_VALID_FINAL_MASK,full_no_change,3,first_whole_chunk_without_active_gain,neither_local,0.7176506711779342,0.7185164307131489,28,0011111101111111011110101110010100111110,110,60,2,82,1
44008,chc_qx,PASS_VALID_FINAL_MASK,full_no_change,3,first_whole_chunk_without_active_gain,approximate_only_false_local,0.7256194969625691,0.7210740300931971,30,0111111011111101110111010111101010011111,744,694,117,82,1
44008,lambda_adaptive_qx,PASS_VALID_FINAL_MASK,full_no_change,3,first_whole_chunk_without_active_gain,neither_local,0.7215196375486547,0.7277576139942294,40,1111111111111111111111111111111111111111,228,178,3,82,1
44008,lambda_fixed1_qx,PASS_VALID_FINAL_MASK,full_no_change,3,first_whole_chunk_without_active_gain,neither_local,0.7215196375486547,0.7277576139942294,40,1111111111111111111111111111111111111111,110,60,1,82,1
44009,chc_qx,PASS_VALID_FINAL_MASK,full_no_change,7,first_whole_chunk_without_active_gain,approximate_only_false_local,0.7346042032213865,0.7272806839948629,28,1111111111111010110101100001101111010110,1269,1219,239,82,1
44009,lambda_adaptive_qx,PASS_VALID_FINAL_MASK,full_no_change,6,first_whole_chunk_without_active_gain,approximate_only_false_local,0.7229246857751565,0.7197398949910894,25,1111101101111010010110110001100111100101,388,338,4,82,1
44009,lambda_fixed1_qx,PASS_VALID_FINAL_MASK,full_no_change,3,first_whole_chunk_without_active_gain,neither_local,0.7087249010419046,0.7133443762756511,31,1111001101111110110101111111011111110011,110,60,1,82,1
44010,chc_qx,PASS_VALID_FINAL_MASK,full_no_change,3,stagnation_not_observed,neither_local,0.7359073644763423,0.729300695167877,24,1011111011111011010010100111001100100101,1032,982,138,82,1
44010,lambda_adaptive_qx,PASS_VALID_FINAL_MASK,full_no_change,3,first_whole_chunk_without_active_gain,neither_local,0.7173193002412177,0.7159802246496245,18,0010111010101010010101010110000000110110,156,106,3,82,1
44010,lambda_fixed1_qx,PASS_VALID_FINAL_MASK,full_no_change,3,first_whole_chunk_without_active_gain,neither_local,0.7173193002412177,0.7159802246496245,18,0010111010101010010101010110000000110110,110,60,2,82,1
44011,chc_qx,PASS_VALID_FINAL_MASK,full_no_change,5,first_whole_chunk_without_active_gain,neither_local,0.7154567826199218,0.7182729932952413,24,0111111101110100111000101100001111110100,1047,997,186,82,1
44011,lambda_adaptive_qx,PASS_VALID_FINAL_MASK,full_no_change,3,stagnation_not_observed,approximate_only_false_local,0.6910862892608776,0.7108452504603265,33,1110101110111111011111111011110111011111,170,120,3,82,1
44011,lambda_fixed1_qx,PASS_VALID_FINAL_MASK,full_no_change,5,first_whole_chunk_without_active_gain,approximate_only_false_local,0.6952992085795824,0.7095426650972126,28,1110101110111110011111110111000111001011,150,100,3,82,1
44012,chc_qx,PASS_VALID_FINAL_MASK,full_no_change,3,stagnation_not_observed,neither_local,0.724982111476389,0.7263779538412817,32,1011111111111101011110011111101111110011,1100,1050,131,82,1
44012,lambda_adaptive_qx,PASS_VALID_FINAL_MASK,full_no_change,5,first_whole_chunk_without_active_gain,approximate_only_false_local,0.7144623670406627,0.7223154055674726,34,1011101111111111111101101110111110111111,1138,1088,2,82,1
44012,lambda_fixed1_qx,PASS_VALID_FINAL_MASK,full_no_change,8,first_whole_chunk_without_active_gain,neither_local,0.7172036921413842,0.7294406762606969,37,1011111111111111111111111111111110111110,210,160,5,82,1
44013,chc_qx,PASS_VALID_FINAL_MASK,full_no_change,5,stagnation_not_observed,neither_local,0.7261178091715268,0.7302416692149166,27,1111111111111111110101110000100100000111,1656,1606,178,82,1
44013,lambda_adaptive_qx,PASS_VALID_FINAL_MASK,full_no_change,3,first_whole_chunk_without_active_gain,neither_local,0.7081428801706001,0.7151110384107082,37,1111010111111111111111111111111111111110,152,102,2,82,1
44013,lambda_fixed1_qx,PASS_VALID_FINAL_MASK,full_no_change,4,first_whole_chunk_without_active_gain,approximate_only_false_local,0.707867036320978,0.7108796324027853,37,1111011111111111111111111101111111111110,130,80,2,82,1
44014,chc_qx,PASS_VALID_FINAL_MASK,full_no_change,3,stagnation_not_observed,approximate_only_false_local,0.719798570945535,0.7273293815726461,23,1011111101100001110000111010001110011110,1154,1104,125,82,1
44014,lambda_adaptive_qx,PASS_VALID_FINAL_MASK,full_no_change,4,first_whole_chunk_without_active_gain,neither_local,0.7234429105581396,0.7222115646003656,30,0111111111110011111101101111011010111010,222,172,3,82,1
44014,lambda_fixed1_qx,PASS_VALID_FINAL_MASK,full_no_change,3,first_whole_chunk_without_active_gain,neither_local,0.7114039950369141,0.721892889054147,31,0111111110111011111101111111101010011011,110,60,2,82,1
44015,chc_qx,PASS_VALID_FINAL_MASK,full_no_change,3,stagnation_not_observed,approximate_only_false_local,0.7330840161420878,0.7247785531682254,31,1111111111110101111101110011110101011011,675,625,115,82,1
44015,lambda_adaptive_qx,PASS_VALID_FINAL_MASK,full_no_change,3,stagnation_not_observed,neither_local,0.7220686275248247,0.7117068310047968,33,0011111111001111111110111011111110111111,166,116,3,82,1
44015,lambda_fixed1_qx,PASS_VALID_FINAL_MASK,full_no_change,3,first_whole_chunk_without_active_gain,neither_local,0.7284281857255851,0.7245723085653053,35,1011111111101111111110111011111110111111,110,60,1,82,1
44016,chc_qx,PASS_VALID_FINAL_MASK,full_no_change,3,stagnation_not_observed,approximate_only_false_local,0.7236810910897631,0.7229560110869085,28,1011101101110111111101110110110110100011,1060,1010,130,82,1
44016,lambda_adaptive_qx,PASS_VALID_FINAL_MASK,full_no_change,3,first_whole_chunk_without_active_gain,approximate_only_false_local,0.7096550618739692,0.7194567836077739,32,1111101001110111110111111010111111110111,134,84,2,82,1
44016,lambda_fixed1_qx,PASS_VALID_FINAL_MASK,full_no_change,3,stagnation_not_observed,neither_local,0.7096550618739692,0.7194567836077739,32,1111101001110111110111111010111111110111,110,60,3,82,1
44017,chc_qx,PASS_VALID_FINAL_MASK,full_no_change,5,first_whole_chunk_without_active_gain,approximate_only_false_local,0.7329980723710794,0.7229734801887807,25,1111101101100011111111000001101011110100,1146,1096,172,82,1
44017,lambda_adaptive_qx,PASS_VALID_FINAL_MASK,full_no_change,3,stagnation_not_observed,approximate_only_false_local,0.7167897409051724,0.7130645636880525,23,1011101101001001111111011000100011011100,188,138,3,82,1
44017,lambda_fixed1_qx,PASS_VALID_FINAL_MASK,full_no_change,4,first_whole_chunk_without_active_gain,neither_local,0.7247729460658585,0.7202252642824565,22,1011101101100001111111011010100000010101,130,80,3,82,1
44018,chc_qx,PASS_VALID_FINAL_MASK,full_no_change,3,first_whole_chunk_without_active_gain,neither_local,0.7226193936043303,0.7192253288103927,25,0111101101100011110111011000000111011111,1268,1218,127,82,1
44018,lambda_adaptive_qx,PASS_VALID_FINAL_MASK,full_no_change,3,first_whole_chunk_without_active_gain,neither_local,0.7091154659205492,0.7251438346577963,28,1111110111101110110011011011000101111101,224,174,2,82,1
44018,lambda_fixed1_qx,PASS_VALID_FINAL_MASK,full_no_change,3,first_whole_chunk_without_active_gain,neither_local,0.7107514374993935,0.7229821662952963,30,1111110111101110110111011011001101111101,110,60,1,82,1
44019,chc_qx,PASS_VALID_FINAL_MASK,full_no_change,4,stagnation_not_observed,approximate_only_false_local,0.7270204861856493,0.7230665790680343,28,1111101111110100111101111111101101000010,1066,1016,168,82,1
44019,lambda_adaptive_qx,PASS_VALID_FINAL_MASK,full_no_change,3,stagnation_not_observed,neither_local,0.7215626004525821,0.7233161471249057,35,1011111111101111111111011111110111101111,170,120,3,82,1
44019,lambda_fixed1_qx,PASS_VALID_FINAL_MASK,full_no_change,3,first_whole_chunk_without_active_gain,neither_local,0.7265490015730001,0.723020478629874,40,1111111111111111111111111111111111111111,110,60,1,82,1
44020,chc_qx,PASS_VALID_FINAL_MASK,full_no_change,3,first_whole_chunk_without_active_gain,approximate_only_false_local,0.7262645717831067,0.7268267185939978,31,1111111111110011111011101011110111010110,1002,952,130,82,1
44020,lambda_adaptive_qx,PASS_VALID_FINAL_MASK,full_no_change,4,first_whole_chunk_without_active_gain,neither_local,0.7228400041101789,0.7257736675208717,35,1111111111111111111111110110111110101110,198,148,3,82,1
44020,lambda_fixed1_qx,PASS_VALID_FINAL_MASK,full_no_change,5,first_whole_chunk_without_active_gain,neither_local,0.7192398336400302,0.7234912199608003,36,1111111111110111111111110111111111101110,150,100,2,82,1
44021,chc_qx,PASS_VALID_FINAL_MASK,full_no_change,3,first_whole_chunk_without_active_gain,approximate_only_false_local,0.7249346887960603,0.7213714726911886,32,0111111111111111011100101111011111110011,1136,1086,128,82,1
44021,lambda_adaptive_qx,PASS_VALID_FINAL_MASK,full_no_change,4,first_whole_chunk_without_active_gain,approximate_only_false_local,0.722441074806505,0.7304161850802241,30,0011111111111111111100111011100110011110,242,192,3,82,1
44021,lambda_fixed1_qx,PASS_VALID_FINAL_MASK,full_no_change,3,first_whole_chunk_without_active_gain,neither_local,0.7137822223182434,0.725360786219157,36,1011110111111111111111111011111111011111,110,60,2,82,1
44022,chc_qx,PASS_VALID_FINAL_MASK,full_no_change,3,stagnation_not_observed,neither_local,0.7297719055260192,0.7301381008587433,27,1111110111100110011101101101001111011010,891,841,130,82,1
44022,lambda_adaptive_qx,PASS_VALID_FINAL_MASK,full_no_change,3,stagnation_not_observed,approximate_only_false_local,0.7273261782991385,0.7247823153569332,36,1111111111111110111111101110111111111101,142,92,3,82,1
44022,lambda_fixed1_qx,PASS_VALID_FINAL_MASK,full_no_change,3,stagnation_not_observed,neither_local,0.7266497054331524,0.7234339830144026,36,1111111111111110111111101110111011111111,110,60,3,82,1
44023,chc_qx,PASS_VALID_FINAL_MASK,full_no_change,4,first_whole_chunk_without_active_gain,neither_local,0.7240752538379469,0.7312561977179991,25,1111101111101110011101001101001001101100,1179,1129,165,82,1
44023,lambda_adaptive_qx,PASS_VALID_FINAL_MASK,full_no_change,3,first_whole_chunk_without_active_gain,approximate_only_false_local,0.7131017367885296,0.7241025956565256,36,1111111111111110111011111110111111011111,198,148,2,82,1
44023,lambda_fixed1_qx,PASS_VALID_FINAL_MASK,full_no_change,3,first_whole_chunk_without_active_gain,neither_local,0.7131017367885296,0.7241025956565256,36,1111111111111110111011111110111111011111,110,60,1,82,1
44024,chc_qx,PASS_VALID_FINAL_MASK,full_no_change,3,first_whole_chunk_without_active_gain,neither_local,0.7290816879370549,0.7246414998075521,37,1111111111111101111110111110111111111111,1078,1028,114,82,1
44024,lambda_adaptive_qx,PASS_VALID_FINAL_MASK,full_no_change,8,first_whole_chunk_without_active_gain,neither_local,0.7116212232620135,0.7133630765889056,20,1011100101000110010101101010111010001010,958,908,6,82,1
44024,lambda_fixed1_qx,PASS_VALID_FINAL_MASK,full_no_change,3,first_whole_chunk_without_active_gain,neither_local,0.7022478129141849,0.7101432378799528,23,1011100001001111110110001101101010001111,110,60,1,82,1
44025,chc_qx,PASS_VALID_FINAL_MASK,full_no_change,4,first_whole_chunk_without_active_gain,approximate_only_false_local,0.737793275145346,0.729651362513173,31,1111111111111110111001010101010101111111,1326,1276,161,82,1
44025,lambda_adaptive_qx,PASS_VALID_FINAL_MASK,full_no_change,3,first_whole_chunk_without_active_gain,neither_local,0.7314064557831104,0.7268267965338864,34,1111111101101111111111110101111111111100,226,176,2,82,1
44025,lambda_fixed1_qx,PASS_VALID_FINAL_MASK,full_no_change,3,stagnation_not_observed,neither_local,0.7314064557831104,0.7268267965338864,34,1111111101101111111111110101111111111100,110,60,3,82,1
44026,chc_qx,PASS_VALID_FINAL_MASK,full_no_change,3,stagnation_not_observed,neither_local,0.722929028251642,0.7219882440640509,30,0111111101101111011110111110110111100011,1074,1024,138,82,1
44026,lambda_adaptive_qx,PASS_VALID_FINAL_MASK,full_no_change,5,first_whole_chunk_without_active_gain,approximate_only_false_local,0.7161538393339427,0.7194355786749207,25,1011111011000111111010110110100010011101,334,284,3,82,1
44026,lambda_fixed1_qx,PASS_VALID_FINAL_MASK,full_no_change,3,first_whole_chunk_without_active_gain,neither_local,0.7119904271370798,0.7208314760962531,33,1011111111011111111011110101111110011111,110,60,3,82,1
44027,chc_qx,PASS_VALID_FINAL_MASK,full_no_change,8,first_whole_chunk_without_active_gain,neither_local,0.7276964585789881,0.7271878901360418,27,0111111111111101110101010100001111010110,1844,1794,239,82,1
44027,lambda_adaptive_qx,PASS_VALID_FINAL_MASK,full_no_change,5,first_whole_chunk_without_active_gain,approximate_only_false_local,0.7173541345791316,0.7198616669390678,29,0111111101111101011111001010101111110110,410,360,3,82,1
44027,lambda_fixed1_qx,PASS_VALID_FINAL_MASK,full_no_change,5,first_whole_chunk_without_active_gain,neither_local,0.7148454635986169,0.7232149706199416,34,0111111111111111111111001110111111011110,150,100,3,82,1
44028,chc_qx,PASS_VALID_FINAL_MASK,full_no_change,4,stagnation_not_observed,neither_local,0.7268379663802835,0.725179703010308,31,1111111101111011111110110111011110011100,1311,1261,152,82,1
44028,lambda_adaptive_qx,PASS_VALID_FINAL_MASK,full_no_change,3,first_whole_chunk_without_active_gain,neither_local,0.7158345944019004,0.7145244710245731,32,0110111111111111111000111011011111110111,196,146,2,82,1
44028,lambda_fixed1_qx,PASS_VALID_FINAL_MASK,full_no_change,3,first_whole_chunk_without_active_gain,neither_local,0.7127400423490587,0.7146514296003943,30,0110111111111111111000111011001101110111,110,60,2,82,1
44029,chc_qx,PASS_VALID_FINAL_MASK,full_no_change,3,first_whole_chunk_without_active_gain,neither_local,0.7358612631073598,0.7207099386245738,29,0111111101111011110111110001111101011010,1072,1022,124,82,1
44029,lambda_adaptive_qx,PASS_VALID_FINAL_MASK,full_no_change,5,first_whole_chunk_without_active_gain,approximate_only_false_local,0.73535684095804,0.7238171876753066,31,1111111111111001011111011001100111111011,284,234,4,82,1
44029,lambda_fixed1_qx,PASS_VALID_FINAL_MASK,full_no_change,3,first_whole_chunk_without_active_gain,neither_local,0.7313712377683881,0.7209867989457415,32,1111111011111001111111011101110101111011,110,60,2,82,1
44030,chc_qx,PASS_VALID_FINAL_MASK,full_no_change,9,first_whole_chunk_without_active_gain,neither_local,0.7250258728411572,0.7269309676349206,29,1111111111100110111101010011111011011010,2862,2812,230,82,1
44030,lambda_adaptive_qx,PASS_VALID_FINAL_MASK,full_no_change,4,first_whole_chunk_without_active_gain,approximate_only_false_local,0.7023891508348812,0.7183324512830086,33,1111111110011111111001101111001111111111,318,268,2,82,1
44030,lambda_fixed1_qx,PASS_VALID_FINAL_MASK,full_no_change,3,first_whole_chunk_without_active_gain,neither_local,0.7090159520085931,0.7179451138635521,39,1111111110111111111111111111111111111111,110,60,2,82,1
