seed,arm,scale,class,f1,precision,recall,support
44001,chc_qx,weighted,0,0.9615057489498675,0.9646862282470793,0.9583461722180218,162538748.55000067
44001,chc_qx,weighted,1,0.45939296452568806,0.4390637814588602,0.481696074207377,11001524.059999991
44001,chc_qx,unweighted,0,0.9618545702138611,0.9651091482242569,0.958621868855262,93576
44001,chc_qx,unweighted,1,0.4527344050457657,0.43184152604548787,0.47575169738118334,6186
44001,lambda_adaptive_qx,weighted,0,0.9629126113122486,0.9653223486984088,0.9605148748390556,162538748.55000007
44001,lambda_adaptive_qx,weighted,1,0.47282217881214994,0.456619649130826,0.4902168600083939,11001524.059999993
44001,lambda_adaptive_qx,unweighted,0,0.9631518879500189,0.9658481543173392,0.9604706334957681,93576
44001,lambda_adaptive_qx,unweighted,1,0.46660978825719385,0.4484866557328165,0.4862592951826705,6186
44001,lambda_fixed1_qx,weighted,0,0.9624068090823407,0.9654765349474941,0.9593565416927778,162538748.55000007
44001,lambda_fixed1_qx,weighted,1,0.4711161914075901,0.4509449565577839,0.49317648631311545,11001524.059999993
44001,lambda_fixed1_qx,unweighted,0,0.9630296598814463,0.9659806894178871,0.960096605967342,93576
44001,lambda_fixed1_qx,unweighted,1,0.4670066450316798,0.4473060982830077,0.4885224700937601,6186
44002,chc_qx,weighted,0,0.9623570302328918,0.9650433194943699,0.9596856545380362,162538748.5500007
44002,chc_qx,weighted,1,0.4672477379536361,0.4495379346870395,0.4864101428870574,11001524.059999991
44002,chc_qx,unweighted,0,0.9627756466579517,0.9653616399501482,0.9602034709754638,93576
44002,chc_qx,unweighted,1,0.46022374145431943,0.4430152557583009,0.4788231490462334,6186
44002,lambda_adaptive_qx,weighted,0,0.9644238547261511,0.9641283845910592,0.9647195060183699,162538748.55000034
44002,lambda_adaptive_qx,weighted,1,0.47183755985351183,0.47399411363692123,0.4697005407448975,11001524.059999987
44002,lambda_adaptive_qx,unweighted,0,0.964483604323735,0.9644784509013967,0.9644887578011456,93576
44002,lambda_adaptive_qx,unweighted,1,0.4626950125293024,0.46273241713823765,0.4626576139670223,6186
44002,lambda_fixed1_qx,weighted,0,0.9642621880521876,0.9642977870545361,0.9642265916781604,162538748.55000046
44002,lambda_fixed1_qx,weighted,1,0.4723096088994916,0.47205229218670963,0.4725672062930528,11001524.059999987
44002,lambda_fixed1_qx,unweighted,0,0.9643992880926548,0.9646519186972746,0.964146789775156,93576
44002,lambda_fixed1_qx,unweighted,1,0.46373077852024797,0.4619085805934242,0.4655674102812803,6186
44003,chc_qx,weighted,0,0.9626698363939502,0.9655186806321527,0.9598377542079336,162538748.5500005
44003,chc_qx,weighted,1,0.47300459668168515,0.45409000792827564,0.4935634036144622,11001524.059999993
44003,chc_qx,unweighted,0,0.9630224994239848,0.9657392182781486,0.9603210224843977,93576
44003,chc_qx,unweighted,1,0.4649143211599597,0.4467292504842795,0.4846427416747494,6186
44003,lambda_adaptive_qx,weighted,0,0.9621026132033998,0.9658598173258416,0.9583745269336886,162538748.55000055
44003,lambda_adaptive_qx,weighted,1,0.4724667123362525,0.44819723256898636,0.4995150035603341,11001524.059999993
44003,lambda_adaptive_qx,unweighted,0,0.9626996128395696,0.9661500376708643,0.9592737454048047,93576
44003,lambda_adaptive_qx,unweighted,1,0.46648258935419534,0.4438120256859311,0.4915939217588102,6186
44003,lambda_fixed1_qx,weighted,0,0.9625171376651538,0.9654706633449829,0.9595816274666402,162538748.55000016
44003,lambda_fixed1_qx,weighted,1,0.4717134518860214,0.45221571849604303,0.492968272434064,11001524.059999995
44003,lambda_fixed1_qx,unweighted,0,0.962826753586516,0.9660376952536684,0.9596370864324185,93576
44003,lambda_fixed1_qx,unweighted,1,0.4662869458128079,0.44504848662944463,0.48965405754930486,6186
44004,chc_qx,weighted,0,0.9634471062991803,0.9656262451476114,0.9612777806760099,162538748.55000043
44004,chc_qx,weighted,1,0.4785235511370369,0.4635980015010108,0.4944421282300039,11001524.059999993
44004,chc_qx,unweighted,0,0.9636425962228579,0.9659708352125078,0.9613255535607421,93576
44004,chc_qx,unweighted,1,0.47059741070035876,0.45464135021097046,0.48771419333979954,6186
44004,lambda_adaptive_qx,weighted,0,0.9631281346268659,0.9658936223444402,0.9603784376497836,162538748.5500005
44004,lambda_adaptive_qx,weighted,1,0.4787874844186448,0.4601634287106962,0.4989826591353194,11001524.059999991
44004,lambda_adaptive_qx,unweighted,0,0.9635124126398834,0.9664544985377602,0.9605881850047021,93576
44004,lambda_adaptive_qx,unweighted,1,0.47387944358578055,0.45395321291086765,0.495635305528613,6186
44004,lambda_fixed1_qx,weighted,0,0.9630304661452194,0.9655914177435395,0.9604830629785235,162538748.55000034
44004,lambda_fixed1_qx,weighted,1,0.47573790004488425,0.45849359355145447,0.49433004375940964,11001524.059999991
44004,lambda_fixed1_qx,unweighted,0,0.9632984253909727,0.9662294376948716,0.9603851414892708,93576
44004,lambda_fixed1_qx,unweighted,1,0.47070644612768586,0.4509774881516588,0.4922405431619787,6186
44005,chc_qx,weighted,0,0.9619045019650445,0.9655384557568851,0.9582977995064674,162538748.55000028
44005,chc_qx,weighted,1,0.46871128218384894,0.44533611738690904,0.49467625215555844,11001524.059999995
44005,chc_qx,unweighted,0,0.9623181876689406,0.9659237726098191,0.9587394203641959,93576
44005,chc_qx,unweighted,1,0.4623507805325987,0.43897122929380994,0.488360814742968,6186
44005,lambda_adaptive_qx,weighted,0,0.9640867378350607,0.9648176622577164,0.9633569200382529,162538748.5500007
44005,lambda_adaptive_qx,weighted,1,0.475675948109004,0.47047232025431546,0.4809959721162489,11001524.059999991
44005,lambda_adaptive_qx,unweighted,0,0.9643957548784663,0.9654699682974895,0.9633239292126187,93576
44005,lambda_adaptive_qx,unweighted,1,0.47090620031796504,0.46324679386925244,0.4788231490462334,6186
44005,lambda_fixed1_qx,weighted,0,0.964042926721035,0.9651237672786931,0.9629645043184997,162538748.55000055
44005,lambda_fixed1_qx,weighted,1,0.47798457000797123,0.4703376357066518,0.48588426756574293,11001524.059999987
44005,lambda_fixed1_qx,unweighted,0,0.9641760053088442,0.9656954181942926,0.9626613661622638,93576
44005,lambda_fixed1_qx,unweighted,1,0.4714984999210485,0.4608024691358025,0.4827028774652441,6186
44006,chc_qx,weighted,0,0.9617137472972,0.9651710379140889,0.9582811366490002,162538748.55000007
44006,chc_qx,weighted,1,0.464603184876526,0.4424406442869092,0.4891031215905918,11001524.059999993
44006,chc_qx,unweighted,0,0.9624998659560551,0.9658452598730227,0.9591775668974951,93576
44006,chc_qx,unweighted,1,0.46274389307113223,0.4408665105386417,0.486905916585839,6186
44006,lambda_adaptive_qx,weighted,0,0.9615842215213639,0.9645450658270711,0.9586414992734361,162538748.5500006
44006,lambda_adaptive_qx,weighted,1,0.4586505801924186,0.4396331631763844,0.4793876767652133,11001524.059999993
44006,lambda_adaptive_qx,unweighted,0,0.9616867482800595,0.9651179059980842,0.9582799008292725,93576
44006,lambda_adaptive_qx,unweighted,1,0.4518603759110088,0.4299897795298584,0.47607500808276754,6186
44006,lambda_fixed1_qx,weighted,0,0.9617917604855075,0.9643600469402955,0.959237117431344,162538748.55000058
44006,lambda_fixed1_qx,weighted,1,0.45826207483838216,0.4415875567374391,0.4762452821468434,11001524.059999995
44006,lambda_fixed1_qx,unweighted,0,0.9618972060810086,0.9650217269715613,0.9587928528682568,93576
44006,lambda_fixed1_qx,unweighted,1,0.4522194821208385,0.4321060382916053,0.4742967992240543,6186
44007,chc_qx,weighted,0,0.9624933539455703,0.9651229990522623,0.9598779997497405,162538748.5500006
44007,chc_qx,weighted,1,0.4687040635595453,0.4512862035203171,0.48752042087521447,11001524.059999987
44007,chc_qx,unweighted,0,0.9626683675383634,0.965675573955589,0.9596798324356672,93576
44007,chc_qx,unweighted,1,0.46228672894310197,0.44244125905127824,0.483996120271581,6186
44007,lambda_adaptive_qx,weighted,0,0.9631336491315556,0.964485846411281,0.9617852380714668,162538748.5500003
44007,lambda_adaptive_qx,weighted,1,0.46711395432949177,0.4578358722090458,0.47677585681706036,11001524.059999991
44007,lambda_adaptive_qx,unweighted,0,0.9636234218709026,0.9651782363977486,0.9620736086175943,93576
44007,lambda_adaptive_qx,unweighted,1,0.4636629053894106,0.4529058116232465,0.4749434206272228,6186
44007,lambda_fixed1_qx,weighted,0,0.9625289481657486,0.9644197478154202,0.9606455480489179,162538748.5500003
44007,lambda_fixed1_qx,weighted,1,0.46300238414774153,0.45034904529786335,0.4763873133773799,11001524.059999993
44007,lambda_fixed1_qx,unweighted,0,0.96292250353425,0.9650309119010819,0.9608232880225699,93576
44007,lambda_fixed1_qx,unweighted,1,0.45821596244131463,0.4440400363967243,0.47332686711930166,6186
44008,chc_qx,weighted,0,0.9633374369185297,0.9647153597069424,0.9619634447468496,162538748.55000034
44008,chc_qx,weighted,1,0.4702748889375758,0.46076591253998384,0.48018461543954477,11001524.059999991
44008,chc_qx,unweighted,0,0.9636591344558504,0.9652606523277507,0.9620629221167821,93576
44008,chc_qx,unweighted,1,0.464595489670399,0.4535098522167488,0.47623666343355964,6186
44008,lambda_adaptive_qx,weighted,0,0.963139892294272,0.9656320207927925,0.9606605941842046,162538748.55000046
44008,lambda_adaptive_qx,weighted,1,0.47672410187299996,0.45987515159387365,0.49485463380425426,11001524.059999993
44008,lambda_adaptive_qx,unweighted,0,0.9633309751966901,0.9662516664516406,0.9604278874925194,93576
44008,lambda_adaptive_qx,unweighted,1,0.47108843537414963,0.4514074074074074,0.4925638538635629,6186
44008,lambda_fixed1_qx,weighted,0,0.963139892294272,0.9656320207927925,0.9606605941842046,162538748.55000046
44008,lambda_fixed1_qx,weighted,1,0.47672410187299996,0.45987515159387365,0.49485463380425426,11001524.059999993
44008,lambda_fixed1_qx,unweighted,0,0.9633309751966901,0.9662516664516406,0.9604278874925194,93576
44008,lambda_fixed1_qx,unweighted,1,0.47108843537414963,0.4514074074074074,0.4925638538635629,6186
44009,chc_qx,weighted,0,0.9629017148791689,0.9655825712496097,0.960235703623547,162538748.5500007
44009,chc_qx,weighted,1,0.4748995545525031,0.45694253452677197,0.49432566436617864,11001524.059999991
44009,chc_qx,unweighted,0,0.9635289956809242,0.966314839098003,0.9607591690176969,93576
44009,chc_qx,unweighted,1,0.4728117738187452,0.453896490184414,0.49337213061752344,6186
44009,lambda_adaptive_qx,weighted,0,0.9626411846490325,0.9645781382332941,0.960711994604563,162538748.5500006
44009,lambda_adaptive_qx,weighted,1,0.4649999019997007,0.45200171888803903,0.47876779537761577,11001524.059999987
44009,lambda_adaptive_qx,unweighted,0,0.9630292156495193,0.9652884398587058,0.9607805420193212,93576
44009,lambda_adaptive_qx,unweighted,1,0.4610820516824108,0.4458704514570436,0.47736825088910445,6186
44009,lambda_fixed1_qx,weighted,0,0.9616087323988852,0.9637771295110639,0.9594500707136153,162538748.5500006
44009,lambda_fixed1_qx,weighted,1,0.4522397953185908,0.43817392029247865,0.4672386818376868,11001524.05999999
44009,lambda_fixed1_qx,unweighted,0,0.9615083745003696,0.9641636758290172,0.9588676583739421,93576
44009,lambda_fixed1_qx,unweighted,1,0.44249573180195567,0.4255223880597015,0.4608794051083091,6186
44010,chc_qx,weighted,0,0.9626904129995077,0.9658702890920627,0.9595314060266893,162538748.55000046
44010,chc_qx,weighted,1,0.4759935317462766,0.4549568236891599,0.4990699843090647,11001524.059999991
44010,chc_qx,unweighted,0,0.963132133532764,0.9663493088053359,0.9599363084551594,93576
44010,chc_qx,unweighted,1,0.4707150003848226,0.4492434258851183,0.4943420627222761,6186
44010,lambda_adaptive_qx,weighted,0,0.964511153039513,0.9639579197437922,0.9650650217215544,162538748.55000067
44010,lambda_adaptive_qx,weighted,1,0.4708904896661281,0.47495451052962556,0.4668954275776947,11001524.059999984
44010,lambda_adaptive_qx,unweighted,0,0.9646954515350268,0.9643040191346688,0.9650872018466273,93576
44010,lambda_adaptive_qx,unweighted,1,0.46242680546519194,0.4653027823240589,0.4595861623019722,6186
44010,lambda_fixed1_qx,weighted,0,0.964511153039513,0.9639579197437922,0.9650650217215544,162538748.55000067
44010,lambda_fixed1_qx,weighted,1,0.4708904896661281,0.47495451052962556,0.4668954275776947,11001524.059999984
44010,lambda_fixed1_qx,unweighted,0,0.9646954515350268,0.9643040191346688,0.9650872018466273,93576
44010,lambda_fixed1_qx,unweighted,1,0.46242680546519194,0.4653027823240589,0.4595861623019722,6186
44011,chc_qx,weighted,0,0.9640992002079626,0.964291046553604,0.9639074301830536,162538748.5500004
44011,chc_qx,weighted,1,0.47125365838373395,0.46987685254416234,0.47263855640742897,11001524.059999993
44011,chc_qx,unweighted,0,0.9643758285934225,0.964829710765018,0.9639223732581004,93576
44011,chc_qx,unweighted,1,0.46516853932584273,0.4619062798852407,0.4684772065955383,6186
44011,lambda_adaptive_qx,weighted,0,0.9613159082940957,0.96345737713744,0.9591839379890442,162538748.5500007
44011,lambda_adaptive_qx,weighted,1,0.4478330132615012,0.4340619029606589,0.4625065629316088,11001524.059999984
44011,lambda_adaptive_qx,unweighted,0,0.9616414871959713,0.9641828885737613,0.9591134478926221,93576
44011,lambda_adaptive_qx,unweighted,1,0.443407960199005,0.42707397424378557,0.4610410604591012,6186
44011,lambda_fixed1_qx,weighted,0,0.9610561324395754,0.9632970159566998,0.9588256505005559,162538748.5500006
44011,lambda_fixed1_qx,weighted,1,0.4450010663820781,0.43072170153926637,0.46025967969386933,11001524.059999987
44011,lambda_fixed1_qx,unweighted,0,0.9616371574746203,0.9641525851604379,0.9591348208942464,93576
44011,lambda_fixed1_qx,unweighted,1,0.4431137724550898,0.42694440281732354,0.46055609440672485,6186
44012,chc_qx,weighted,0,0.9628234369884427,0.9654651570503501,0.9601961341051558,162538748.54999968
44012,chc_qx,weighted,1,0.47347172225304673,0.4558079072319726,0.4925597735774076,11001524.059999993
44012,chc_qx,unweighted,0,0.9630292539936874,0.9658500929797594,0.9602248439770882,93576
44012,chc_qx,unweighted,1,0.46589765425408375,0.44703610161937307,0.4864209505334627,6186
44012,lambda_adaptive_qx,weighted,0,0.9617683431396917,0.964980870709202,0.9585771343137366,162538748.55000007
44012,lambda_adaptive_qx,weighted,1,0.46333994230314085,0.44265430048228077,0.48605367682120876,11001524.059999986
44012,lambda_adaptive_qx,unweighted,0,0.9617923541808548,0.9652655938862279,0.9583440198341455,93576
44012,lambda_adaptive_qx,unweighted,1,0.45372997009890365,0.43152982353799035,0.4783381829938571,6186
44012,lambda_fixed1_qx,weighted,0,0.962647462760759,0.9658920756300228,0.9594245754391838,162538748.54999995
44012,lambda_fixed1_qx,weighted,1,0.47591644309147213,0.45449523103339134,0.49945677708221003,11001524.059999993
44012,lambda_fixed1_qx,unweighted,0,0.9628700397782709,0.9660706985950644,0.9596905189364794,93576
44012,lambda_fixed1_qx,unweighted,1,0.4668206312548114,0.44562022339800117,0.4901390236016812,6186
44013,chc_qx,weighted,0,0.962766567776655,0.9659932030094311,0.9595614161630015,162538748.55000025
44013,chc_qx,weighted,1,0.4774391346667402,0.4560594605707626,0.5009219222668317,11001524.059999993
44013,chc_qx,unweighted,0,0.9635681355205318,0.9667398132610473,0.9604172009917072,93576
44013,chc_qx,unweighted,1,0.4765865680837954,0.45513386290085317,0.5001616553507922,6186
44013,lambda_adaptive_qx,weighted,0,0.9613422798393283,0.9640317328922021,0.9586677910963897,162538748.55000007
44013,lambda_adaptive_qx,weighted,1,0.4529374848266175,0.435734823950536,0.47155428572502667,11001524.059999993
44013,lambda_adaptive_qx,unweighted,0,0.961766029969773,0.9646819765191588,0.9588676583739421,93576
44013,lambda_adaptive_qx,unweighted,1,0.4485157699443414,0.42977777777777776,0.4689621726479146,6186
44013,lambda_fixed1_qx,weighted,0,0.9605884282455238,0.9635049945840322,0.9576894657344772,162538748.55000043
44013,lambda_fixed1_qx,weighted,1,0.4442614650063652,0.4260749033324541,0.4640697990710933,11001524.059999987
44013,lambda_fixed1_qx,unweighted,0,0.9611428265122887,0.9642284817001688,0.9580768573138412,93576
44013,lambda_fixed1_qx,unweighted,1,0.4410517387616624,0.4216423411469851,0.46233430326543806,6186
44014,chc_qx,weighted,0,0.9627079064530573,0.9656015539647037,0.9598315500873223,162538748.55000016
44014,chc_qx,weighted,1,0.47390795806776537,0.4546857199509922,0.49482721305796995,11001524.059999993
44014,chc_qx,unweighted,0,0.9631844635220732,0.9660109642050951,0.9603744549884585,93576
44014,chc_qx,unweighted,1,0.4681839294008361,0.44919786096256686,0.48884578079534435,6186
44014,lambda_adaptive_qx,weighted,0,0.9631052010805362,0.9648834401064157,0.9613335044346878,162538748.5500005
44014,lambda_adaptive_qx,weighted,1,0.47030754167187283,0.45818442599058923,0.48308962476604345,11001524.059999993
44014,lambda_adaptive_qx,unweighted,0,0.9633560561841675,0.965470606545236,0.9612507480550568,93576
44014,lambda_adaptive_qx,unweighted,1,0.4645958845160786,0.4501895375284306,0.4799547365017782,6186
44014,lambda_fixed1_qx,weighted,0,0.9631297952124855,0.964838841260984,0.9614267930205496,162538748.55000076
44014,lambda_fixed1_qx,weighted,1,0.4700787944818564,0.4584083537248577,0.4823589850877443,11001524.059999995
44014,lambda_fixed1_qx,unweighted,0,0.9631977724826644,0.9652496807220511,0.9611545695477473,93576
44014,lambda_fixed1_qx,unweighted,1,0.4617432845171901,0.4478201427920401,0.4765599741351439,6186
44015,chc_qx,weighted,0,0.9621383551868977,0.9652916770764858,0.9590055681525672,162538748.55000043
44015,chc_qx,weighted,1,0.46803628044630224,0.4474971273212959,0.49055153818388353,11001524.059999993
44015,chc_qx,unweighted,0,0.9628573419601074,0.965969346598548,0.9597653244421647,93576
44015,chc_qx,unweighted,1,0.4658906960610499,0.44526300279946956,0.4885224700937601,6186
44015,lambda_adaptive_qx,weighted,0,0.96197878911601,0.9635343217751682,0.960428270874613,162538748.55000013
44015,lambda_adaptive_qx,weighted,1,0.4522167213601033,0.4419376062224894,0.46298539113498055,11001524.059999987
44015,lambda_adaptive_qx,unweighted,0,0.9624201810211477,0.9640869462644633,0.9607591690176969,93576
44015,lambda_adaptive_qx,unweighted,1,0.446947617172115,0.4358580427100937,0.45861623019721953,6186
44015,lambda_fixed1_qx,weighted,0,0.9625098870430151,0.9652402603420813,0.9597949169764297,162538748.5500006
44015,lambda_fixed1_qx,weighted,1,0.46977246044066856,0.45170140279289617,0.48934970015418083,11001524.05999999
44015,lambda_fixed1_qx,unweighted,0,0.9632788641843023,0.9658766143068956,0.9606950500128238,93576
44015,lambda_fixed1_qx,unweighted,1,0.46760913469007304,0.4500598086124402,0.4865826058842548,6186
44016,chc_qx,weighted,0,0.9622996920624484,0.9650344618071249,0.9595803784106347,162538748.5500003
44016,chc_qx,weighted,1,0.466841179998678,0.4488527390682969,0.4863316437631824,11001524.059999991
44016,chc_qx,unweighted,0,0.9625973385640251,0.9655001881416976,0.9597118919381038,93576
44016,chc_qx,unweighted,1,0.460372690017784,0.441233140655106,0.4812479793081151,6186
44016,lambda_adaptive_qx,weighted,0,0.9622850939328472,0.9645617870727966,0.9600191230216042,162538748.55000043
44016,lambda_adaptive_qx,weighted,1,0.46279383904766125,0.4477406362397338,0.4788944441939435,11001524.059999991
44016,lambda_adaptive_qx,unweighted,0,0.9623569499807123,0.9649626095925735,0.9597653244421647,93576
44016,lambda_adaptive_qx,unweighted,1,0.45433364398881637,0.437219730941704,0.4728419010669253,6186
44016,lambda_fixed1_qx,weighted,0,0.9622850939328472,0.9645617870727966,0.9600191230216042,162538748.55000043
44016,lambda_fixed1_qx,weighted,1,0.46279383904766125,0.4477406362397338,0.4788944441939435,11001524.059999991
44016,lambda_fixed1_qx,unweighted,0,0.9623569499807123,0.9649626095925735,0.9597653244421647,93576
44016,lambda_fixed1_qx,unweighted,1,0.45433364398881637,0.437219730941704,0.4728419010669253,6186
44017,chc_qx,weighted,0,0.9618768967207225,0.9650633084584304,0.9587114572994542,162538748.5500005
44017,chc_qx,weighted,1,0.46464430862911865,0.4440552143804824,0.48723550307810726,11001524.059999991
44017,chc_qx,unweighted,0,0.9624281020000107,0.9655491379217622,0.9593271779088656,93576
44017,chc_qx,unweighted,1,0.4598073217726397,0.4393872440712918,0.48221791141286774,6186
44017,lambda_adaptive_qx,weighted,0,0.9617101848936557,0.9637333185591097,0.9596955276299256,162538748.55000073
44017,lambda_adaptive_qx,weighted,1,0.45243085310793507,0.43924435159723146,0.4664335997461793,11001524.059999987
44017,lambda_adaptive_qx,unweighted,0,0.9621146790219343,0.9644755635262406,0.9597653244421647,93576
44017,lambda_adaptive_qx,unweighted,1,0.4486709798113649,0.4332379948818305,0.4652440995796961,6186
44017,lambda_fixed1_qx,weighted,0,0.962268386496576,0.9646667463572869,0.959881922691228,162538748.55000055
44017,lambda_fixed1_qx,weighted,1,0.46358265472402016,0.44775646598587826,0.48056860587368494,11001524.05999999
44017,lambda_fixed1_qx,unweighted,0,0.9624687865050532,0.9652307560026655,0.959722578438916,93576
44017,lambda_fixed1_qx,unweighted,1,0.45730667906400124,0.43913690476190476,0.4770449401875202,6186
44018,chc_qx,weighted,0,0.9641860241428317,0.9644139178963232,0.9639582380677806,162538748.5500004
44018,chc_qx,weighted,1,0.47284202997983565,0.4712030814520461,0.47449241955300486,11001524.059999991
44018,chc_qx,unweighted,0,0.9646139288215513,0.9651350628510297,0.9640933572710951,93576
44018,chc_qx,unweighted,1,0.46933376092359497,0.465563861937331,0.47316521176850956,6186
44018,lambda_adaptive_qx,weighted,0,0.9622179581794759,0.9653361973816611,0.9591197992523243,162538748.5500002
44018,lambda_adaptive_qx,weighted,1,0.46886395319028057,0.4484976878904995,0.4911678700632684,11001524.059999993
44018,lambda_adaptive_qx,unweighted,0,0.9623528780932465,0.9657551200507969,0.9589745233820638,93576
44018,lambda_adaptive_qx,unweighted,1,0.46112518228567045,0.43898874762531054,0.4856126737795021,6186
44018,lambda_fixed1_qx,weighted,0,0.9621156090832043,0.9650495318158029,0.959199471577327,162538748.55000007
44018,lambda_fixed1_qx,weighted,1,0.46590174680255897,0.44675354806465273,0.4867648610132656,11001524.059999987
44018,lambda_fixed1_qx,unweighted,0,0.9623247459989812,0.9656226126814362,0.959049328887749,93576
44018,lambda_fixed1_qx,unweighted,1,0.4598354985010378,0.4383702183790122,0.48351115421920465,6186
44019,chc_qx,weighted,0,0.9625418330655341,0.9650342794668115,0.9600622282507415,162538748.55000004
44019,chc_qx,weighted,1,0.4682494331041987,0.4516885456543949,0.486070929885327,11001524.059999995
44019,chc_qx,unweighted,0,0.9632907594719698,0.9658573270305114,0.9607377960160725,93576
44019,chc_qx,unweighted,1,0.467516319552378,0.45016462137084706,0.4862592951826705,6186
44019,lambda_adaptive_qx,weighted,0,0.9618648347146445,0.9651105357161416,0.9586408913568566,162538748.5500002
44019,lambda_adaptive_qx,weighted,1,0.46496643579933866,0.4440163498281258,0.48799140289295484,11001524.059999991
44019,lambda_adaptive_qx,unweighted,0,0.962530027453672,0.9659276797244942,0.9591561938958707,93576
44019,lambda_adaptive_qx,unweighted,1,0.4636168252993552,0.4413914060216311,0.4881991593921759,6186
44019,lambda_fixed1_qx,weighted,0,0.9616371728175318,0.9650847101559223,0.9582141788306515,162538748.5500004
44019,lambda_fixed1_qx,weighted,1,0.4634539708646556,0.4414007034358086,0.48782677842909633,11001524.059999991
44019,lambda_fixed1_qx,unweighted,0,0.9622763965993509,0.9659914494017812,0.9585898093528256,93576
44019,lambda_fixed1_qx,unweighted,1,0.46267858507143406,0.4386498623786759,0.48949240219851275,6186
44020,chc_qx,weighted,0,0.9624469607864429,0.9655499991890736,0.9593638032843091,162538748.54999998
44020,chc_qx,weighted,1,0.4719528040955781,0.45154748186953103,0.4942896339036864,11001524.059999993
44020,chc_qx,unweighted,0,0.9626972124800239,0.9662102521044587,0.9592096263999316,93576
44020,chc_qx,unweighted,1,0.46697318007662836,0.4439102564102564,0.4925638538635629,6186
44020,lambda_adaptive_qx,weighted,0,0.962370970364222,0.9654119450618642,0.9593490931919691,162538748.55000016
44020,lambda_adaptive_qx,weighted,1,0.47037676146002366,0.4504080387984225,0.49219824184977434,11001524.059999995
44020,lambda_adaptive_qx,unweighted,0,0.9624703699333927,0.9660243298525137,0.9589424638796272,93576
44020,lambda_adaptive_qx,unweighted,1,0.4640833205697657,0.44091967403958093,0.489815712900097,6186
44020,lambda_fixed1_qx,weighted,0,0.9624684620744618,0.9650963867043855,0.9598548100793778,162538748.55000013
44020,lambda_fixed1_qx,weighted,1,0.4683377302533297,0.4509435535086624,0.4871276298422229,11001524.059999991
44020,lambda_fixed1_qx,unweighted,0,0.9627700058959104,0.9657827386713121,0.9597760109429768,93576
44020,lambda_fixed1_qx,unweighted,1,0.4637949668056199,0.4438534278959811,0.4856126737795021,6186
44021,chc_qx,weighted,0,0.9624277026064553,0.9648119515331296,0.9600552085707567,162538748.5500005
44021,chc_qx,weighted,1,0.465725953404357,0.449915785618495,0.4826877368116206,11001524.059999993
44021,chc_qx,unweighted,0,0.9629443200925321,0.965042395620908,0.9608553475250065,93576
44021,chc_qx,unweighted,1,0.4584442009704179,0.44432645631067963,0.47348852247009376,6186
44021,lambda_adaptive_qx,weighted,0,0.9644816943832439,0.9659059405350496,0.9630616422018713,162538748.55000052
44021,lambda_adaptive_qx,weighted,1,0.4871733626130613,0.4770178194579842,0.49777072795857696,11001524.059999995
44021,lambda_adaptive_qx,unweighted,0,0.9645156284281672,0.9659681654965432,0.9630674531931265,93576
44021,lambda_adaptive_qx,unweighted,1,0.47593456097368214,0.4655945569815989,0.4867442612350469,6186
44021,lambda_fixed1_qx,weighted,0,0.9621486382175983,0.9653700224240203,0.9589486816557627,162538748.55000025
44021,lambda_fixed1_qx,weighted,1,0.46874052877833344,0.4477691002887667,0.4917728907825512,11001524.059999991
44021,lambda_fixed1_qx,unweighted,0,0.9622717400048266,0.965830184413655,0.9587394203641959,93576
44021,lambda_fixed1_qx,unweighted,1,0.46129106363427524,0.43823657791357484,0.486905916585839,6186
44022,chc_qx,weighted,0,0.962989709597904,0.9659646876488261,0.9600329999587659,162538748.55000016
44022,chc_qx,weighted,1,0.4785359109806343,0.4586341802304126,0.5002432017587207,11001524.059999995
44022,chc_qx,unweighted,0,0.9633866540869713,0.9665368729025041,0.9602569034795246,93576
44022,chc_qx,unweighted,1,0.4738058551617874,0.45260523991757434,0.49709020368574197,6186
44022,lambda_adaptive_qx,weighted,0,0.9622847726108186,0.9652829382582051,0.9593051738800288,162538748.55000007
44022,lambda_adaptive_qx,weighted,1,0.46881289048524527,0.44916405637863044,0.4902594568338376,11001524.059999993
44022,lambda_adaptive_qx,unweighted,0,0.9626934063637193,0.9656069581671379,0.9597973839446012,93576
44022,lambda_adaptive_qx,unweighted,1,0.46184770003865483,0.44258408653133796,0.4828645328160362,6186
44022,lambda_fixed1_qx,weighted,0,0.9622422896377678,0.9651028226902167,0.9593986635256397,162538748.54999986
44022,lambda_fixed1_qx,weighted,1,0.467076355287377,0.4483211446679827,0.4874693025031656,11001524.059999993
44022,lambda_fixed1_qx,unweighted,0,0.962801015979166,0.9655639388663184,0.9600538599640933,93576
44022,lambda_fixed1_qx,unweighted,1,0.4621106462110646,0.44375,0.48205625606207564,6186
44023,chc_qx,weighted,0,0.9640607493793801,0.966046981849844,0.9620826677024394,162538748.5500005
44023,chc_qx,weighted,1,0.4857060142218503,0.4718239440816811,0.5004297277335588,11001524.059999991
44023,chc_qx,unweighted,0,0.9643872889026958,0.9667121243033706,0.9620736086175943,93576
44023,chc_qx,unweighted,1,0.4813977068871383,0.46510926902788247,0.49886841254445524,6186
44023,lambda_adaptive_qx,weighted,0,0.9625184372205017,0.9651760719379765,0.9598753980316653,162538748.55000034
44023,lambda_adaptive_qx,weighted,1,0.46929094055309434,0.4516809420358793,0.48832979328138587,11001524.059999991
44023,lambda_adaptive_qx,unweighted,0,0.962969314369621,0.9658160084277514,0.9601393519705907,93576
44023,lambda_adaptive_qx,unweighted,1,0.46525305680235257,0.44625890736342044,0.4859359844810863,6186
44023,lambda_fixed1_qx,weighted,0,0.9625184372205017,0.9651760719379765,0.9598753980316653,162538748.55000034
44023,lambda_fixed1_qx,weighted,1,0.46929094055309434,0.4516809420358793,0.48832979328138587,11001524.059999991
44023,lambda_fixed1_qx,unweighted,0,0.962969314369621,0.9658160084277514,0.9601393519705907,93576
44023,lambda_fixed1_qx,unweighted,1,0.46525305680235257,0.44625890736342044,0.4859359844810863,6186
44024,chc_qx,weighted,0,0.9623352215531963,0.9652606587218305,0.9594274631813635,162538748.55000046
44024,chc_qx,weighted,1,0.4689222769283825,0.44970480037285593,0.4898555364337408,11001524.059999991
44024,chc_qx,unweighted,0,0.962581405944309,0.9656195894138017,0.9595622809267333,93576
44024,chc_qx,unweighted,1,0.4613010263137588,0.4413110881441016,0.48318784351762045,6186
44024,lambda_adaptive_qx,weighted,0,0.9618896443244184,0.9637628729558857,0.9600236834110903,162538748.55000037
44024,lambda_adaptive_qx,weighted,1,0.45369929335229503,0.4414010600554277,0.46670246976672086,11001524.059999987
44024,lambda_adaptive_qx,unweighted,0,0.9621501783247117,0.9642880144264829,0.9600218004616569,93576
44024,lambda_adaptive_qx,unweighted,1,0.44720788362271235,0.43318181818181817,0.46217264791464596,6186
44024,lambda_fixed1_qx,weighted,0,0.9613553943537545,0.9633604041179447,0.9593587131749823,162538748.55000022
44024,lambda_fixed1_qx,weighted,1,0.4472051865113591,0.43427607492631487,0.46092776258492335,11001524.059999991
44024,lambda_fixed1_qx,unweighted,0,0.961558032533999,0.9639071745363559,0.9592203129007438,93576
44024,lambda_fixed1_qx,unweighted,1,0.4404771185779995,0.4253877428098178,0.4566763659877142,6186
44025,chc_qx,weighted,0,0.9633304059721197,0.9658766094913134,0.9607975915475943,162538748.55000064
44025,chc_qx,weighted,1,0.47986490835244977,0.4625684369192931,0.4985051334787517,11001524.059999993
44025,chc_qx,unweighted,0,0.963490115590519,0.9663123045006503,0.9606843635120116,93576
44025,chc_qx,unweighted,1,0.472555546953627,0.45342445401871934,0.49337213061752344,6186
44025,lambda_adaptive_qx,weighted,0,0.9625386550347974,0.9655441633645591,0.9595517995022732,162538748.55000043
44025,lambda_adaptive_qx,weighted,1,0.4724422726431936,0.45260194534167986,0.4941017935654996,11001524.059999987
44025,lambda_adaptive_qx,unweighted,0,0.9631384572503658,0.966188822093411,0.9601072924681542,93576
44025,lambda_adaptive_qx,unweighted,1,0.46940822467402205,0.4490036900369004,0.4917555771096023,6186
44025,lambda_fixed1_qx,weighted,0,0.9625386550347974,0.9655441633645591,0.9595517995022732,162538748.55000043
44025,lambda_fixed1_qx,weighted,1,0.4724422726431936,0.45260194534167986,0.4941017935654996,11001524.059999987
44025,lambda_fixed1_qx,unweighted,0,0.9631384572503658,0.966188822093411,0.9601072924681542,93576
44025,lambda_fixed1_qx,unweighted,1,0.46940822467402205,0.4490036900369004,0.4917555771096023,6186
44026,chc_qx,weighted,0,0.9634110856642853,0.9648342405693187,0.9619921229546097,162538748.55000004
44026,chc_qx,weighted,1,0.47171963921090937,0.4618830078897762,0.4819843651734922,11001524.059999993
44026,chc_qx,unweighted,0,0.9638171272019006,0.9652012689158486,0.9624369496452082,93576
44026,chc_qx,unweighted,1,0.4650316455696202,0.4553765106910443,0.4751050759780149,6186
44026,lambda_adaptive_qx,weighted,0,0.961716642938893,0.9645939124828974,0.9588564874550957,162538748.55000046
44026,lambda_adaptive_qx,weighted,1,0.45981119329072845,0.4412397265198054,0.4800146698947458,11001524.059999987
44026,lambda_adaptive_qx,unweighted,0,0.9620325098644708,0.965261640416559,0.9588249123706933,93576
44026,lambda_adaptive_qx,unweighted,1,0.45506309633733455,0.4342143906020558,0.47801487229227285,6186
44026,lambda_fixed1_qx,weighted,0,0.9614653194539526,0.9647985568301061,0.9581550344722403,162538748.55000058
44026,lambda_fixed1_qx,weighted,1,0.46010383256218185,0.4388608767479548,0.4835079177202658,11001524.059999991
44026,lambda_fixed1_qx,unweighted,0,0.9617956321013206,0.9651854801390428,0.9584295118406428,93576
44026,lambda_fixed1_qx,unweighted,1,0.45305903124280333,0.431369682794913,0.4770449401875202,6186
44027,chc_qx,weighted,0,0.9638164389317969,0.965511674983556,0.9621271454043072,162538748.55000004
44027,chc_qx,weighted,1,0.4798236324585403,0.4680104340884552,0.49224863486777626,11001524.059999995
44027,chc_qx,unweighted,0,0.9641126679123456,0.9660418656051843,0.9621911601265282,93576
44027,chc_qx,unweighted,1,0.47406826206355435,0.46058850434517457,0.488360814742968,6186
44027,lambda_adaptive_qx,weighted,0,0.9618416811464748,0.9646438864586906,0.9590557089963518,162538748.55
44027,lambda_adaptive_qx,weighted,1,0.4609423158590568,0.4427721359745696,0.4806676248817838,11001524.059999995
44027,lambda_adaptive_qx,unweighted,0,0.9625640366107218,0.9653574960230449,0.959786697443789,93576
44027,lambda_adaptive_qx,unweighted,1,0.4589529120198266,0.44052928932500746,0.47898480439702557,6186
44027,lambda_fixed1_qx,weighted,0,0.9625259111903353,0.9650553703715333,0.9600096770278721,162538748.55000013
44027,lambda_fixed1_qx,weighted,1,0.4683320150923655,0.4515408095213161,0.486420264212011,11001524.059999993
44027,lambda_fixed1_qx,unweighted,0,0.9631947532832166,0.965891139648595,0.9605133794990168,93576
44027,lambda_fixed1_qx,unweighted,1,0.4672302799968975,0.44908304756224837,0.486905916585839,6186
44028,chc_qx,weighted,0,0.9624769958708675,0.9653246731872136,0.9596460702539351,162538748.55000028
44028,chc_qx,weighted,1,0.47027732160725666,0.4514753921817154,0.4907133357666808,11001524.059999993
44028,chc_qx,unweighted,0,0.9631364311092295,0.9659575840311294,0.9603317089852099,93576
44028,chc_qx,unweighted,1,0.46744600139351244,0.44852176496805823,0.4880375040413838,6186
44028,lambda_adaptive_qx,weighted,0,0.9627091281683694,0.9638703776141994,0.9615506734501682,162538748.5500008
44028,lambda_adaptive_qx,weighted,1,0.4593321649138372,0.45144644905373477,0.46749826859897786,11001524.059999987
44028,lambda_adaptive_qx,unweighted,0,0.9627980649856586,0.9642428399931401,0.9613576130631786,93576
44028,lambda_adaptive_qx,unweighted,1,0.4505216566550743,0.44076708939065884,0.46071774975751695,6186
44028,lambda_fixed1_qx,weighted,0,0.9626793558182435,0.9638892668481968,0.9614724784344355,162538748.55000085
44028,lambda_fixed1_qx,weighted,1,0.45932284862448824,0.4511192104250684,0.4678303807663532,11001524.059999991
44028,lambda_fixed1_qx,unweighted,0,0.9628698034850366,0.964397512864494,0.9613469265623664,93576
44028,lambda_fixed1_qx,unweighted,1,0.45232080833596455,0.4419932119716137,0.4631425800193986,6186
44029,chc_qx,weighted,0,0.9643346217333774,0.9646046848581024,0.964064709787013,162538748.55000073
44029,chc_qx,weighted,1,0.47538932896582947,0.4734396154502597,0.47735516746213463,11001524.059999987
44029,chc_qx,unweighted,0,0.9644595129359672,0.965254436856415,0.9636658972386082,93576
44029,chc_qx,unweighted,1,0.46942359891425833,0.4637223974763407,0.475266731328807,6186
44029,lambda_adaptive_qx,weighted,0,0.9625609155121164,0.9651347366342031,0.9600007856095926,162538748.55000076
44029,lambda_adaptive_qx,weighted,1,0.46919649052768964,0.4521027871474768,0.48763358974102056,11001524.059999991
44029,lambda_adaptive_qx,unweighted,0,0.9632237494306459,0.9660035039069638,0.960459946994956,93576
44029,lambda_adaptive_qx,unweighted,1,0.46835541095359823,0.4496504536665179,0.4886841254445522,6186
44029,lambda_fixed1_qx,weighted,0,0.9625125308465418,0.9647546503553501,0.9602808086835123,162538748.55000076
44029,lambda_fixed1_qx,weighted,1,0.4657384121736709,0.450807017540636,0.48169278920797065,11001524.05999999
44029,lambda_fixed1_qx,unweighted,0,0.9629518508001651,0.965553920041258,0.9603637684876464,93576
44029,lambda_fixed1_qx,unweighted,1,0.4629126213592233,0.4455075497084766,0.48173294536049144,6186
44030,chc_qx,weighted,0,0.9628881053103002,0.965536017490173,0.9602546768224149,162538748.5500007
44030,chc_qx,weighted,1,0.4744369851761437,0.45670007961137465,0.4936072584474262,11001524.059999995
44030,chc_qx,unweighted,0,0.9635429226754124,0.9663861029593559,0.9607164230144482,93576
44030,chc_qx,unweighted,1,0.47349276371797844,0.4541945063103192,0.4945037180730682,6186
44030,lambda_adaptive_qx,weighted,0,0.9612890079595591,0.9644708246036536,0.9581281160909987,162538748.55000067
44030,lambda_adaptive_qx,weighted,1,0.4563663941667337,0.4361593301905795,0.47853678647501857,11001524.059999995
44030,lambda_adaptive_qx,unweighted,0,0.9617118445103159,0.9647785078992934,0.9586646148585107,93576
44030,lambda_adaptive_qx,unweighted,1,0.44905514847666794,0.42941436790087034,0.47057872615583574,6186
44030,lambda_fixed1_qx,weighted,0,0.9624331043355745,0.9643484464925378,0.9605253554168579,162538748.550001
44030,lambda_fixed1_qx,weighted,1,0.46183960385314465,0.4490626952895339,0.4753648723102462,11001524.059999991
44030,lambda_fixed1_qx,unweighted,0,0.9627959775961961,0.9648522183348001,0.9607484825168847,93576
44030,lambda_fixed1_qx,unweighted,1,0.45591229444009396,0.44213244228432563,0.47057872615583574,6186
