bit_index,raw_index,feature_name
0,0,age
1,5,wage_per_hour
2,16,capital_gains
3,17,capital_losses
4,18,dividends_from_stocks
5,30,persons_worked_for_employer
6,39,weeks_worked_in_year
7,1,class_of_worker
8,2,industry_code
9,3,occupation_code
10,4,education
11,6,enrolled_in_education_last_week
12,7,marital_status
13,8,major_industry_code
14,9,major_occupation_code
15,10,race
16,11,hispanic_origin
17,12,sex
18,13,member_of_labor_union
19,14,reason_for_unemployment
20,15,full_or_part_time_employment_status
21,19,tax_filer_status
22,20,region_of_previous_residence
23,21,state_of_previous_residence
24,22,detailed_household_and_family_status
25,23,detailed_household_summary
26,25,migration_code_change_in_msa
27,26,migration_code_change_in_region
28,27,migration_code_move_within_region
29,28,lived_in_house_one_year_ago
30,29,migration_previous_residence_in_sunbelt
31,31,family_members_under_18
32,32,country_of_birth_father
33,33,country_of_birth_mother
34,34,country_of_birth_self
35,35,citizenship
36,36,own_business_or_self_employed
37,37,veterans_questionnaire
38,38,veterans_benefits
39,40,year
