seed,arm,scale,class,f1,precision,recall,support,confusion_00,confusion_01,confusion_10,confusion_11
45001,adaptive,weighted,0,0.9617675715958837,0.9654449548335096,0.9581180963879152,162538748.5500002,155731316.3500002,6807432.199999998,5573909.359999995,5427614.699999997
45001,adaptive,weighted,1,0.4671614163159641,0.44361208782943035,0.49335116392955486,11001524.059999991,155731316.3500002,6807432.199999998,5573909.359999995,5427614.699999997
45001,adaptive,unweighted,0,0.9621941145548367,0.9659558427571352,0.9584615713430794,93576,89689,3887,3161,3025
45001,adaptive,unweighted,1,0.4619025805466484,0.43764467592592593,0.48900743614613645,6186,89689,3887,3161,3025
45001,fixed10,weighted,0,0.9618037682262802,0.9660983327302125,0.9575472157159045,162538748.55000055,155638526.12000054,6900222.430000004,5461561.569999997,5539962.4899999965
45001,fixed10,weighted,1,0.472658584297466,0.4453279855264399,0.5035631844993665,11001524.059999993,155638526.12000054,6900222.430000004,5461561.569999997,5539962.4899999965
45001,fixed10,unweighted,0,0.9624346631462579,0.9666364831942738,0.9582692143284602,93576,89671,3905,3095,3091
45001,fixed10,unweighted,1,0.4689728417539069,0.4418238993710692,0.4996766892984158,6186,89671,3905,3095,3091
45002,adaptive,weighted,0,0.9605349500228326,0.9634549978062558,0.9576325489679676,162538748.55000034,155652396.08000037,6886352.469999983,5904081.83999999,5097442.219999998
45002,adaptive,weighted,1,0.4435389628869084,0.42536127761381115,0.46333964205319417,11001524.059999987,155652396.08000037,6886352.469999983,5904081.83999999,5097442.219999998
45002,adaptive,unweighted,0,0.9608350891866243,0.9641070333430167,0.9575852782764811,93576,89607,3969,3336,2850
45002,adaptive,unweighted,1,0.43829296424452135,0.4179498460184778,0.46071774975751695,6186,89607,3969,3336,2850
45002,fixed10,weighted,0,0.962008364725205,0.9652927818124039,0.9587462223634796,162538748.55000037,155833411.16000035,6705337.390000002,5603009.059999998,5398514.999999994
45002,fixed10,weighted,1,0.46729513467849143,0.4460162621001689,0.4907061031324053,11001524.059999991,155833411.16000035,6705337.390000002,5603009.059999998,5398514.999999994
45002,fixed10,unweighted,0,0.9625550896983605,0.9658589597365986,0.9592737454048047,93576,89765,3811,3173,3013
45002,fixed10,unweighted,1,0.46318216756341274,0.44152989449003516,0.4870675719366311,6186,89765,3811,3173,3013
45003,adaptive,weighted,0,0.960778000987315,0.9632901305355901,0.9582789399420414,162538748.55000022,155757459.66000023,6781288.889999986,5935736.109999994,5065787.949999995
45003,adaptive,weighted,1,0.44342215719650485,0.4275981339882997,0.46046237979140503,11001524.059999987,155757459.66000023,6781288.889999986,5935736.109999994,5065787.949999995
45003,adaptive,unweighted,0,0.9614125338263269,0.9641870613398682,0.9586539283576986,93576,89707,3869,3332,2854
45003,adaptive,unweighted,1,0.4421721279727322,0.42451286627993456,0.4613643711606854,6186,89707,3869,3332,2854
45003,fixed10,weighted,0,0.9619617497936814,0.9650440963589857,0.9588990305413547,162538748.5500005,155858248.4100005,6680500.139999991,5645509.809999988,5356014.249999999
45003,fixed10,weighted,1,0.4649713786722154,0.4449805048586,0.4868429338325698,11001524.059999987,155858248.4100005,6680500.139999991,5645509.809999988,5356014.249999999
45003,fixed10,unweighted,0,0.9627668412110557,0.9657222729960755,0.9598294434470377,93576,89817,3759,3188,2998
45003,fixed10,unweighted,1,0.46326199490071845,0.4436880272310197,0.4846427416747494,6186,89817,3759,3188,2998
45004,adaptive,weighted,0,0.9607422183632797,0.962662289138424,0.9588297916669299,162538748.55000082,155846994.4100008,6691754.140000005,6044663.930000001,4956860.129999992
45004,adaptive,weighted,1,0.4376891706162039,0.4255321719052848,0.4505612225148372,11001524.059999993,155846994.4100008,6691754.140000005,6044663.930000001,4956860.129999992
45004,adaptive,unweighted,0,0.9610539907738304,0.9636820785025841,0.9584401983414551,93576,89687,3889,3380,2806
45004,adaptive,unweighted,1,0.4356804595916466,0.41911874533233756,0.4536049143226641,6186,89687,3889,3380,2806
45004,fixed10,weighted,0,0.9629443841246296,0.9658089210053465,0.9600967891173049,162538748.5500001,156052930.5900001,6485817.959999997,5524506.93,5477017.129999994
45004,fixed10,weighted,1,0.4770015217254601,0.45783604712384257,0.49784167176561145,11001524.059999995,156052930.5900001,6485817.959999997,5524506.93,5477017.129999994
45004,fixed10,unweighted,0,0.9632177994984246,0.966013156197601,0.9604385739933317,93576,89874,3702,3162,3024
45004,fixed10,unweighted,1,0.4684014869888476,0.4495985727029438,0.48884578079534435,6186,89874,3702,3162,3024
45005,adaptive,weighted,0,0.9611691438231947,0.9634484193668548,0.9589006272067795,162538748.5500004,155858507.9300004,6680240.619999999,5913004.480000004,5088519.57999999
45005,adaptive,weighted,1,0.44694387842481803,0.4323751604693241,0.46252860533215906,11001524.059999995,155858507.9300004,6680240.619999999,5913004.480000004,5088519.57999999
45005,adaptive,unweighted,0,0.9617537263471354,0.9640307081118806,0.9594874754210482,93576,89785,3791,3350,2836
45005,adaptive,unweighted,1,0.44267540778896436,0.4279462803681907,0.45845457484642743,6186,89785,3791,3350,2836
45005,fixed10,weighted,0,0.9623232415739964,0.9650724960043263,0.9595896065486228,162538748.5500008,155970493.7700008,6568254.780000005,5644819.499999992,5356704.559999997
45005,fixed10,weighted,1,0.4672940430105386,0.4492010754310879,0.4869056805934943,11001524.059999987,155970493.7700008,6568254.780000005,5644819.499999992,5356704.559999997
45005,fixed10,unweighted,0,0.9630113794655294,0.9655980059306374,0.9604385739933317,93576,89874,3702,3202,2984
45005,fixed10,unweighted,1,0.4636420136730889,0.44630571343104997,0.4823795667636599,6186,89874,3702,3202,2984
45006,adaptive,weighted,0,0.9638692684338007,0.9621814029665302,0.9655630660385076,162538748.55000046,156941412.40000048,5597336.149999989,6168591.509999999,4832932.549999996
45006,adaptive,weighted,1,0.4510059054901015,0.46335647613757097,0.4392966395966777,11001524.059999995,156941412.40000048,5597336.149999989,6168591.509999999,4832932.549999996
45006,adaptive,unweighted,0,0.964161282233237,0.9627691881466642,0.965557407882363,93576,90353,3223,3494,2692
45006,adaptive,unweighted,1,0.4449219072803901,0.45511411665257817,0.4351762043323634,6186,90353,3223,3494,2692
45006,fixed10,weighted,0,0.9621800199869992,0.9649506640097619,0.9594252410035553,162538748.54999998,155943778.0,6594970.549999988,5664254.219999997,5337269.839999989
45006,fixed10,weighted,1,0.46545082920305286,0.44729821605613823,0.4851391326230482,11001524.059999986,155943778.0,6594970.549999988,5664254.219999997,5337269.839999989
45006,fixed10,unweighted,0,0.9628307962686127,0.9655157591583653,0.960160724972215,93576,89848,3728,3209,2977
45006,fixed10,unweighted,1,0.4618726243115352,0.44399701715137957,0.4812479793081151,6186,89848,3728,3209,2977
45007,adaptive,weighted,0,0.9623828096957694,0.9643584933186892,0.9604152046979693,162538748.55000022,156104685.46000022,6434063.090000009,5769437.639999991,5232086.419999991
45007,adaptive,weighted,1,0.4616341773091798,0.44848443057541365,0.4755783281902852,11001524.059999982,156104685.46000022,6434063.090000009,5769437.639999991,5232086.419999991
45007,adaptive,unweighted,0,0.962718581795785,0.9649770772716048,0.9604706334957681,93576,89877,3699,3262,2924
45007,adaptive,unweighted,1,0.45655398547896014,0.44149177110070964,0.4726802457161332,6186,89877,3699,3262,2924
45007,fixed10,weighted,0,0.9607544775277035,0.9643238161903863,0.9572114644535942,162538748.55000055,155583953.53000054,6954795.019999999,5755993.61,5245530.449999992
45007,fixed10,weighted,1,0.4521648537731893,0.42995004214424415,0.47680034342441785,11001524.059999991,155583953.53000054,6954795.019999999,5755993.61,5245530.449999992
45007,fixed10,unweighted,0,0.9612981761825855,0.9647904758829291,0.9578310677951611,93576,89630,3946,3271,2915
45007,fixed10,unweighted,1,0.44684601824174136,0.424865180002915,0.4712253475590042,6186,89630,3946,3271,2915
45008,adaptive,weighted,0,0.9623185663482099,0.9647361398094783,0.9599130792003382,162538748.55000058,156023070.61000055,6515677.940000015,5703088.669999991,5298435.390000001
45008,adaptive,weighted,1,0.4644564865255337,0.4484835418452849,0.4816092171505922,11001524.059999991,156023070.61000055,6515677.940000015,5703088.669999991,5298435.390000001
45008,adaptive,unweighted,0,0.9628339265040091,0.9658572780454233,0.9598294434470377,93576,89817,3759,3175,3011
45008,adaptive,unweighted,1,0.4648039518369867,0.4447562776957164,0.4867442612350469,6186,89817,3759,3175,3011
45008,fixed10,weighted,0,0.9613934484847241,0.9641557005671413,0.9586469785822651,162538748.55000058,155817280.20000058,6721468.349999991,5792800.110000001,5208723.949999994
45008,fixed10,weighted,1,0.45428121194500926,0.4366001669562359,0.473454761503289,11001524.059999995,155817280.20000058,6721468.349999991,5792800.110000001,5208723.949999994
45008,fixed10,unweighted,0,0.9618686300356879,0.9646288772812278,0.9591241343934342,93576,89751,3825,3291,2895
45008,fixed10,unweighted,1,0.4486285448628545,0.43080357142857145,0.46799224054316196,6186,89751,3825,3291,2895
45009,adaptive,weighted,0,0.961731001633495,0.964354084763608,0.9591221495841892,162538748.55000037,155894513.90000036,6644234.649999998,5762408.969999994,5239115.09
45009,adaptive,weighted,1,0.4578670728785056,0.4408786415134156,0.47621720967267533,11001524.059999995,155894513.90000036,6644234.649999998,5762408.969999994,5239115.09
45009,adaptive,unweighted,0,0.9622277482421541,0.9651242796938161,0.9593485509104899,93576,89772,3804,3244,2942
45009,adaptive,unweighted,1,0.45499536034642746,0.4361102875778239,0.4755900420303912,6186,89772,3804,3244,2942
45009,fixed10,weighted,0,0.962261604860403,0.9648735291816942,0.9596637833840391,162538748.55000046,155982550.38000044,6556198.170000004,5678585.159999999,5322938.899999993
45009,fixed10,weighted,1,0.4652784174160789,0.4480913780717907,0.48383650037665754,11001524.059999991,155982550.38000044,6556198.170000004,5678585.159999999,5322938.899999993
45009,fixed10,unweighted,0,0.9627268295035066,0.96532829069655,0.9601393519705907,93576,89846,3730,3227,2959
45009,fixed10,unweighted,1,0.45965048543689324,0.44236806697563164,0.4783381829938571,6186,89846,3730,3227,2959
45010,adaptive,weighted,0,0.9618522892853935,0.9652126888223743,0.9585152071112093,162538748.55000013,155795862.23000014,6742886.319999984,5615051.689999995,5386472.3699999945
45010,adaptive,weighted,1,0.4657385909753057,0.44408550424358867,0.48961147024933194,11001524.05999999,155795862.23000014,6742886.319999984,5615051.689999995,5386472.3699999945
45010,adaptive,unweighted,0,0.9617717893291424,0.9654953315312793,0.9580768573138412,93576,89653,3923,3204,2982
45010,adaptive,unweighted,1,0.45558016958215564,0.43186097031136855,0.48205625606207564,6186,89653,3923,3204,2982
45010,fixed10,weighted,0,0.9615956269000001,0.9647277115004712,0.9584838137355034,162538748.55000007,155790759.5900001,6747988.959999989,5696007.849999998,5305516.209999993
45010,fixed10,weighted,1,0.4602480575558134,0.4401637644131032,0.482252838885306,11001524.059999991,155790759.5900001,6747988.959999989,5696007.849999998,5305516.209999993
45010,fixed10,unweighted,0,0.9621346941400973,0.9652183265218327,0.9590707018893734,93576,89746,3830,3234,2952
45010,fixed10,unweighted,1,0.45527452190006173,0.43526983190799173,0.4772065955383123,6186,89746,3830,3234,2952
45011,adaptive,weighted,0,0.9643335422407643,0.9653360749874667,0.9633330896591306,162538748.5500008,156578954.8300008,5959793.719999987,5622540.469999996,5378983.589999997
45011,adaptive,weighted,1,0.48154977866352777,0.4743883262665474,0.4889307663796538,11001524.059999993,156578954.8300008,5959793.719999987,5622540.469999996,5378983.589999997
45011,adaptive,unweighted,0,0.9644273004017911,0.9656620632760856,0.9631956912028725,93576,90132,3444,3205,2981
45011,adaptive,unweighted,1,0.47276187455396085,0.46396887159533073,0.48189460071128354,6186,90132,3444,3205,2981
45011,fixed10,weighted,0,0.9614173656639861,0.9652994340539394,0.9575663966190912,162538748.55000046,155641643.76000047,6897104.789999998,5595002.890000009,5406521.169999985
45011,fixed10,weighted,1,0.46397651723848377,0.43942502702674757,0.4914338359407258,11001524.059999995,155641643.76000047,6897104.789999998,5595002.890000009,5406521.169999985
45011,fixed10,unweighted,0,0.9619734329062856,0.9658909717733247,0.9580875438146533,93576,89654,3922,3166,3020
45011,fixed10,unweighted,1,0.46008531383302864,0.43503313166234514,0.4881991593921759,6186,89654,3922,3166,3020
45012,adaptive,weighted,0,0.9617656166869032,0.9647718922216789,0.9587780183508741,162538748.55000016,155838579.24000016,6700169.310000009,5690358.839999992,5311165.219999997
45012,adaptive,weighted,1,0.4615823974434806,0.4421794436525443,0.4827663141064841,11001524.05999999,155838579.24000016,6700169.310000009,5690358.839999992,5311165.219999997
45012,adaptive,unweighted,0,0.9622359329520297,0.965335513083881,0.9591561938958707,93576,89754,3822,3223,2963
45012,adaptive,unweighted,1,0.4568653149333128,0.43669859985261605,0.47898480439702557,6186,89754,3822,3223,2963
45012,fixed10,weighted,0,0.9623307045802586,0.9659426132716171,0.9587457069786823,162538748.55000052,155833327.39000052,6705421.159999986,5494400.829999999,5507123.229999992
45012,fixed10,weighted,1,0.47446428805546137,0.4509398741272458,0.5005782107974589,11001524.059999991,155833327.39000052,6705421.159999986,5494400.829999999,5507123.229999992
45012,fixed10,unweighted,0,0.9627567712523464,0.9663953313090854,0.9591455073950585,93576,89753,3823,3121,3065
45012,fixed10,unweighted,1,0.46886951200856664,0.44497677119628337,0.4954736501778209,6186,89753,3823,3121,3065
45013,adaptive,weighted,0,0.96198854487553,0.9649322680451664,0.9590627279380515,162538748.5500002,155884855.5800002,6653892.9700000025,5665193.83,5336330.229999989
45013,adaptive,weighted,1,0.46419527577914005,0.4450567884340963,0.4850537253653922,11001524.05999999,155884855.5800002,6653892.9700000025,5665193.83,5336330.229999989
45013,adaptive,unweighted,0,0.9625298137478225,0.9655157582339595,0.9595622809267333,93576,89792,3784,3207,2979
45013,adaptive,unweighted,1,0.4601127500193065,0.44048499186751444,0.48157129000969934,6186,89792,3784,3207,2979
45013,fixed10,weighted,0,0.9624931592303108,0.9646104931364213,0.9603851001226379,162538748.5500002,156099792.3000002,6438956.249999992,5726969.290000008,5274554.7699999865
45013,fixed10,weighted,1,0.46441088481030807,0.4502966498254933,0.4794385524436138,11001524.059999995,156099792.3000002,6438956.249999992,5726969.290000008,5274554.7699999865
45013,fixed10,unweighted,0,0.9631188582750957,0.9652744232978027,0.9609728990339403,93576,89924,3652,3235,2951
45013,fixed10,unweighted,1,0.4614903432637423,0.44691806754505525,0.4770449401875202,6186,89924,3652,3235,2951
45014,adaptive,weighted,0,0.9616132071132071,0.9648234334019238,0.9584242725486399,162538748.5500009,155781081.84000093,6757666.709999991,5679633.6099999985,5321890.449999992
45014,adaptive,weighted,1,0.4611474132666301,0.44056999602790076,0.48374119994425535,11001524.059999991,155781081.84000093,6757666.709999991,5679633.6099999985,5321890.449999992
45014,adaptive,unweighted,0,0.9622957148372153,0.965650826446281,0.9589638368812516,93576,89736,3840,3192,2994
45014,adaptive,unweighted,1,0.45990783410138253,0.43810359964881473,0.483996120271581,6186,89736,3840,3192,2994
45014,fixed10,weighted,0,0.9623016648343533,0.9652310443192731,0.9593900122962404,162538748.55000046,155938051.97000048,6600696.579999977,5617104.059999997,5384419.999999993
45014,fixed10,weighted,1,0.468482549001123,0.44925887571132883,0.4894249170055442,11001524.05999999,155938051.97000048,6600696.579999977,5617104.059999997,5384419.999999993
45014,fixed10,unweighted,0,0.9628649062913677,0.9657789771322288,0.959968367957596,93576,89830,3746,3183,3003
45014,fixed10,unweighted,1,0.46432160804020095,0.44495480811972143,0.48545101842870997,6186,89830,3746,3183,3003
45015,adaptive,weighted,0,0.9623500204491785,0.9651688727606297,0.9595475855532544,162538748.5500005,155963663.7300005,6575084.819999985,5628434.949999994,5373089.109999998
45015,adaptive,weighted,1,0.46824922160990967,0.4496996061054164,0.488394978795329,11001524.059999991,155963663.7300005,6575084.819999985,5628434.949999994,5373089.109999998
45015,adaptive,unweighted,0,0.9627763903923859,0.965622514135833,0.9599469949559716,93576,89828,3748,3198,2988
45015,adaptive,unweighted,1,0.4624671103544343,0.44358669833729214,0.4830261881668283,6186,89828,3748,3198,2988
45015,fixed10,weighted,0,0.962277057299942,0.9654151250703262,0.9591593239198717,162538748.55000037,155900556.17000037,6638192.379999998,5584956.250000001,5416567.809999991
45015,fixed10,weighted,1,0.4698560922712423,0.4493302002385164,0.49234704032451987,11001524.059999991,155900556.17000037,6638192.379999998,5584956.250000001,5416567.809999991
45015,fixed10,unweighted,0,0.9623674655826152,0.9659471389352425,0.9588142258698812,93576,89722,3854,3163,3023
45015,fixed10,unweighted,1,0.46283395850876524,0.43958121273811257,0.4886841254445522,6186,89722,3854,3163,3023
45016,adaptive,weighted,0,0.9616221390345006,0.9634525911119721,0.9597986290758853,162538748.5500007,156004468.03000072,6534280.51999999,5917840.829999986,5083683.230000001
45016,adaptive,weighted,1,0.4494958747697661,0.4375709323417371,0.46208899805832965,11001524.059999987,156004468.03000072,6534280.51999999,5917840.829999986,5083683.230000001
45016,adaptive,unweighted,0,0.9621868759603184,0.9640707641801933,0.9603103359835855,93576,89862,3714,3349,2837
45016,adaptive,unweighted,1,0.4454738164402921,0.4330636544039078,0.45861623019721953,6186,89862,3714,3349,2837
45016,fixed10,weighted,0,0.965414474320243,0.9654739843785841,0.9653549715976328,162538748.55000037,156907588.9900004,5631159.559999984,5611123.61,5390400.449999994
45016,fixed10,weighted,1,0.4895227601063234,0.48907781159012215,0.4899685189617261,11001524.059999995,156907588.9900004,5631159.559999984,5611123.61,5390400.449999994
45016,fixed10,unweighted,0,0.9660044999545729,0.9662058864406599,0.965803197401043,93576,90376,3200,3161,3025
45016,fixed10,unweighted,1,0.48747079203932,0.4859437751004016,0.48900743614613645,6186,90376,3200,3161,3025
45017,adaptive,weighted,0,0.9612234697812562,0.9634270279413563,0.9590299686111371,162538748.54999983,155879530.91999984,6659217.62999999,5917394.430000004,5084129.629999985
45017,adaptive,weighted,1,0.4470572339997739,0.4329370082853188,0.462129574254641,11001524.05999999,155879530.91999984,6659217.62999999,5917394.430000004,5084129.629999985
45017,adaptive,unweighted,0,0.9616286917119259,0.9639520649442691,0.9593164914080533,93576,89769,3807,3357,2829
45017,adaptive,unweighted,1,0.441272812353767,0.42631103074141047,0.4573229873908826,6186,89769,3807,3357,2829
45017,fixed10,weighted,0,0.9616126973172525,0.9643607742519474,0.9588802379148134,162538748.55000085,155855193.88000083,6683554.670000009,5759834.479999986,5241689.580000001
45017,fixed10,weighted,1,0.4572549876306576,0.43954567890716334,0.47645122179553795,11001524.059999987,155855193.88000083,6683554.670000009,5759834.479999986,5241689.580000001
45017,fixed10,unweighted,0,0.9622181367951075,0.9652239367707941,0.959230999401556,93576,89761,3815,3234,2952
45017,fixed10,unweighted,1,0.45580174476955143,0.4362346682429437,0.4772065955383123,6186,89761,3815,3234,2952
45018,adaptive,weighted,0,0.9617270870676232,0.9645082159390017,0.9589619506763455,162538748.55000058,155868475.37000057,6670273.179999994,5735617.569999988,5265906.49
45018,adaptive,weighted,1,0.45914853134254907,0.4411718519314147,0.47865245408553025,11001524.059999987,155868475.37000057,6670273.179999994,5735617.569999988,5265906.49
45018,adaptive,unweighted,0,0.9622742618294841,0.9650772835737472,0.9594874754210482,93576,89785,3791,3249,2937
45018,adaptive,unweighted,1,0.454855195911414,0.43653388822829964,0.4747817652764306,6186,89785,3791,3249,2937
45018,fixed10,weighted,0,0.9633967536617748,0.9652325516392193,0.9615679255209821,162538748.55000088,156292047.26000088,6246701.289999985,5629602.599999994,5371921.459999999
45018,fixed10,weighted,1,0.4749678686988154,0.46235440943290856,0.48828884350047064,11001524.059999993,156292047.26000088,6246701.289999985,5629602.599999994,5371921.459999999
45018,fixed10,unweighted,0,0.9636042402826855,0.9655272305909618,0.9616888945883559,93576,89991,3585,3213,2973
45018,fixed10,unweighted,1,0.46657250470809797,0.4533394327538884,0.4806013579049467,6186,89991,3585,3213,2973
45019,adaptive,weighted,0,0.9607230692934904,0.963640740166391,0.957823013089761,162538748.55000034,155683353.88000035,6855394.669999999,5874109.799999993,5127414.259999998
45019,adaptive,weighted,1,0.4461660264172844,0.4278975230225923,0.4660639955006381,11001524.059999991,155683353.88000035,6855394.669999999,5874109.799999993,5127414.259999998
45019,adaptive,unweighted,0,0.961512288955211,0.9642039653968083,0.9588355988715055,93576,89724,3852,3331,2855
45019,adaptive,unweighted,1,0.4428759792135267,0.42567466825704486,0.4615260265114775,6186,89724,3852,3331,2855
45019,fixed10,weighted,0,0.9626169152308648,0.9654706131043633,0.9597800373245214,162538748.5500002,156001446.15000018,6537302.400000004,5579283.530000004,5422240.529999989
45019,fixed10,weighted,1,0.4722986551418961,0.45338191950451007,0.4928626707016439,11001524.059999993,156001446.15000018,6537302.400000004,5579283.530000004,5422240.529999989
45019,fixed10,unweighted,0,0.9630630196021677,0.9661235683174706,0.9600218004616569,93576,89835,3741,3150,3036
45019,fixed10,unweighted,1,0.46841009025688496,0.4479858344400177,0.49078564500484967,6186,89835,3741,3150,3036
45020,adaptive,weighted,0,0.9628778971971107,0.9634466883538915,0.9623097772398841,162538748.55000052,156412626.91000053,6126121.639999988,5934318.489999987,5067205.570000001
45020,adaptive,weighted,1,0.4566109056877682,0.45269877981169154,0.46059123648364836,11001524.059999987,156412626.91000053,6126121.639999988,5934318.489999987,5067205.570000001
45020,adaptive,unweighted,0,0.9632683618085078,0.9640261589014117,0.9625117551508934,93576,90068,3508,3361,2825
45020,adaptive,unweighted,1,0.45131400271587185,0.4460761092689089,0.4566763659877142,6186,90068,3508,3361,2825
45020,fixed10,weighted,0,0.9617955388756927,0.9654726205524187,0.9581463598638,162538748.55000004,155735910.26000005,6802838.289999998,5569451.429999989,5432072.630000005
45020,fixed10,weighted,1,0.4675478518693151,0.44398137963721307,0.49375637415094714,11001524.059999995,155735910.26000005,6802838.289999998,5569451.429999989,5432072.630000005
45020,fixed10,unweighted,0,0.9618793184841853,0.9657337986901069,0.9580554843122168,93576,89651,3925,3181,3005
45020,fixed10,unweighted,1,0.4582189691979262,0.43362193362193363,0.4857743291302942,6186,89651,3925,3181,3005
45021,adaptive,weighted,0,0.963786795142284,0.9644396304179618,0.9631348430853907,162538748.5500007,156546732.0800007,5992016.469999987,5772118.309999993,5229405.749999997
45021,adaptive,weighted,1,0.4706311831124134,0.46601987230100006,0.4753346646773594,11001524.059999991,156546732.0800007,5992016.469999987,5772118.309999993,5229405.749999997
45021,adaptive,unweighted,0,0.963898221661067,0.9651167773730448,0.9626827391638881,93576,90084,3492,3256,2930
45021,adaptive,unweighted,1,0.4647842639593908,0.456244160697602,0.47365017782088586,6186,90084,3492,3256,2930
45021,fixed10,weighted,0,0.9618413747206539,0.9651642802863615,0.9585412711115648,162538748.55000046,155800098.64000046,6738649.909999992,5623300.279999997,5378223.779999997
45021,fixed10,weighted,1,0.4652765159730848,0.44386232931012765,0.48886170231217946,11001524.059999993,155800098.64000046,6738649.909999992,5623300.279999997,5378223.779999997
45021,fixed10,unweighted,0,0.9624930964777292,0.9658749717508044,0.9591348208942464,93576,89752,3824,3171,3015
45021,fixed10,unweighted,1,0.46295585412667944,0.44085392601257495,0.48739088263821534,6186,89752,3824,3171,3015
45022,adaptive,weighted,0,0.965714561480132,0.9631351329440188,0.9683078433545624,162538748.5500003,157387545.07000032,5151203.480000003,6024150.429999993,4977373.629999996
45022,adaptive,weighted,1,0.47111687634196014,0.49141884155532645,0.4524258278084428,11001524.05999999,157387545.07000032,5151203.480000003,6024150.429999993,4977373.629999996
45022,adaptive,unweighted,0,0.9659778373566864,0.9636100683773409,0.9683572710951526,93576,90615,2961,3422,2764
45022,adaptive,unweighted,1,0.46410880698513984,0.4827947598253275,0.44681538958939543,6186,90615,2961,3422,2764
45022,fixed10,weighted,0,0.9691822378864495,0.9639792740706308,0.9744416712503351,162538748.54999998,158384529.77999997,4154218.770000001,5918307.469999989,5083216.590000001
45022,fixed10,weighted,1,0.5023199547479504,0.5502844016653557,0.46204658211691496,11001524.05999999,158384529.77999997,4154218.770000001,5918307.469999989,5083216.590000001
45022,fixed10,unweighted,0,0.9697092105472965,0.9646282529846564,0.9748439770881423,93576,91222,2354,3345,2841
45022,fixed10,unweighted,1,0.499253141200246,0.5468719923002887,0.459262851600388,6186,91222,2354,3345,2841
45023,adaptive,weighted,0,0.9624439920750755,0.9648433463409695,0.9600565415452131,162538748.55000058,156046388.80000058,6492359.749999995,5685968.469999993,5315555.589999995
45023,adaptive,weighted,1,0.46608384334075303,0.4501688432667912,0.4831653833605306,11001524.059999987,156046388.80000058,6492359.749999995,5685968.469999993,5315555.589999995
45023,adaptive,unweighted,0,0.9631490428392376,0.9654968750671162,0.9608126015217577,93576,89909,3667,3213,2973
45023,adaptive,unweighted,1,0.46358958365819425,0.44774096385542167,0.4806013579049467,6186,89909,3667,3213,2973
45023,fixed10,weighted,0,0.9620553345034921,0.9646653385580769,0.9594594156237585,162538748.5500005,155949332.7000005,6589415.849999987,5712257.559999999,5289266.499999997
45023,fixed10,weighted,1,0.46234429927942267,0.4452738396527629,0.48077579716714264,11001524.059999995,155949332.7000005,6589415.849999987,5712257.559999999,5289266.499999997
45023,fixed10,unweighted,0,0.9627022393656917,0.965246444072021,0.9601714114730273,93576,89849,3727,3235,2951
45023,fixed10,unweighted,1,0.4587997512437811,0.4418987720874513,0.4770449401875202,6186,89849,3727,3235,2951
45024,adaptive,weighted,0,0.9621484668897096,0.9645977902399833,0.9597115507630134,162538748.5500002,155990314.4300002,6548434.120000005,5725082.399999995,5276441.659999999
45024,adaptive,weighted,1,0.4623104560495598,0.44621539863651716,0.47961006413505963,11001524.059999995,155990314.4300002,6548434.120000005,5725082.399999995,5276441.659999999
45024,adaptive,unweighted,0,0.9626216791046776,0.9651708690093788,0.9600859194665299,93576,89841,3735,3242,2944
45024,adaptive,unweighted,1,0.45767586474931987,0.4407845485851175,0.47591335273197544,6186,89841,3735,3242,2944
45024,fixed10,weighted,0,0.9619375871107758,0.9649284926915975,0.9589651655405221,162538748.55000085,155868997.91000086,6669750.639999987,5665249.539999997,5336274.519999995
45024,fixed10,weighted,1,0.46387161613556693,0.4444663782463707,0.48504866152153825,11001524.059999991,155868997.91000086,6669750.639999987,5665249.539999997,5336274.519999995
45024,fixed10,unweighted,0,0.962406659912409,0.9655276263001087,0.9593058049072412,93576,89768,3808,3205,2981
45024,fixed10,unweighted,1,0.4594990366088632,0.43909264987479746,0.48189460071128354,6186,89768,3808,3205,2981
45025,adaptive,weighted,0,0.9629048687452328,0.9649813057634605,0.960837348652024,162538748.5500003,156173300.2100003,6365448.339999997,5667451.809999998,5334072.249999996
45025,adaptive,weighted,1,0.4699406861877609,0.45592229262447065,0.48484848289283283,11001524.059999995,156173300.2100003,6365448.339999997,5667451.809999998,5334072.249999996
45025,adaptive,unweighted,0,0.9627978980410643,0.9652228081669477,0.9603851414892708,93576,89869,3707,3238,2948
45025,adaptive,unweighted,1,0.45915427147418425,0.44297520661157025,0.4765599741351439,6186,89869,3707,3238,2948
45025,fixed10,weighted,0,0.9615983105101255,0.9647656336841901,0.9584517159123902,162538748.55000037,155785542.45000038,6753206.09999998,5689469.729999992,5312054.329999999
45025,fixed10,weighted,1,0.4605803927550377,0.4402768063581706,0.4828471310910357,11001524.059999991,155785542.45000038,6753206.09999998,5689469.729999992,5312054.329999999
45025,fixed10,unweighted,0,0.9618992484910858,0.9649717149555828,0.9588462853723176,93576,89725,3851,3257,2929
45025,fixed10,unweighted,1,0.4517970075582292,0.43200589970501474,0.47348852247009376,6186,89725,3851,3257,2929
45026,adaptive,weighted,0,0.962228235210108,0.9643123639233366,0.9601530957523793,162538748.5500008,156062082.6000008,6476665.95,5775604.480000002,5225919.57999999
45026,adaptive,weighted,1,0.4603501017544193,0.44656110964565576,0.4750177840360051,11001524.059999991,156062082.6000008,6476665.95,5775604.480000002,5225919.57999999
45026,adaptive,unweighted,0,0.96289871831936,0.9647891857096877,0.9610156450371891,93576,89928,3648,3282,2904
45026,adaptive,unweighted,1,0.45595854922279794,0.4432234432234432,0.469447138700291,6186,89928,3648,3282,2904
45026,fixed10,weighted,0,0.9626295857702919,0.9652308079435005,0.9600423460993852,162538748.55000043,156044081.49000046,6494667.059999987,5620962.9799999995,5380561.079999994
45026,fixed10,weighted,1,0.4703955380519443,0.4530911757287724,0.48907415469489024,11001524.059999993,156044081.49000046,6494667.059999987,5620962.9799999995,5380561.079999994
45026,fixed10,unweighted,0,0.963160235560152,0.9659189836957106,0.9604172009917072,93576,89872,3704,3171,3015
45026,fixed10,unweighted,1,0.4672607516466486,0.44872748920970384,0.48739088263821534,6186,89872,3704,3171,3015
45027,adaptive,weighted,0,0.9617420599912707,0.9643978296101525,0.9591008771797267,162538748.55000085,155891056.31000084,6647692.240000006,5754948.609999997,5246575.449999992
45027,adaptive,weighted,1,0.45830041671304034,0.44110117467853904,0.47689533026390507,11001524.059999987,155891056.31000084,6647692.240000006,5754948.609999997,5246575.449999992
45027,adaptive,unweighted,0,0.9621620463142555,0.9648191528228492,0.9595195349234846,93576,89788,3788,3274,2912
45027,adaptive,unweighted,1,0.45196337110041906,0.43462686567164177,0.4707403815066279,6186,89788,3788,3274,2912
45027,fixed10,weighted,0,0.9626608411584706,0.9654951287479652,0.9598431454146938,162538748.54999995,156011703.65999997,6527044.889999993,5575547.289999995,5425976.769999997
45027,fixed10,weighted,1,0.47275836657245784,0.45394185038229085,0.4932022818300323,11001524.059999991,156011703.65999997,6527044.889999993,5575547.289999995,5425976.769999997
45027,fixed10,unweighted,0,0.9632742319319084,0.9662781194890103,0.9602889629819612,93576,89860,3716,3136,3050
45027,fixed10,unweighted,1,0.47096973440395307,0.45078332840673957,0.49304881991593924,6186,89860,3716,3136,3050
45028,adaptive,weighted,0,0.9625659043448572,0.9645150246484353,0.9606246458331059,162538748.5500002,156138727.7600002,6400020.7899999805,5744419.489999992,5257104.569999998
45028,adaptive,weighted,1,0.46402629499706566,0.45097778462940097,0.4778523903896278,11001524.059999991,156138727.7600002,6400020.7899999805,5744419.489999992,5257104.569999998
45028,adaptive,unweighted,0,0.9629526507140141,0.9649729033642753,0.9609408395315038,93576,89921,3655,3264,2922
45028,adaptive,unweighted,1,0.45788607694115807,0.4442755055496427,0.472356935014549,6186,89921,3655,3264,2922
45028,fixed10,weighted,0,0.9614282343113937,0.964669590052058,0.9582085879791894,162538748.55000028,155746024.74000028,6792723.809999991,5704099.059999992,5297424.999999996
45028,fixed10,weighted,1,0.4588169103055549,0.4381604464304358,0.48151737623887014,11001524.059999987,155746024.74000028,6792723.809999991,5704099.059999992,5297424.999999996
45028,fixed10,unweighted,0,0.9621824418480008,0.9651412842458389,0.9592416859023681,93576,89762,3814,3242,2944
45028,fixed10,unweighted,1,0.45488257107540175,0.4356318437407517,0.47591335273197544,6186,89762,3814,3242,2944
45029,adaptive,weighted,0,0.9615152662050436,0.9637570956363996,0.9592838421666315,162538748.55000025,155920795.21000025,6617953.340000005,5863533.96999999,5137990.090000002
45029,adaptive,weighted,1,0.4515432213411021,0.43705467966852907,0.46702530140174103,11001524.059999991,155920795.21000025,6617953.340000005,5863533.96999999,5137990.090000002
45029,adaptive,unweighted,0,0.9616283307252032,0.9645022575790153,0.9587714798666325,93576,89718,3858,3302,2884
45029,adaptive,unweighted,1,0.44616336633663367,0.4277662414713735,0.46621403168444875,6186,89718,3858,3302,2884
45029,fixed10,weighted,0,0.9623358682939728,0.9656031511236464,0.959090621717476,162538748.55000034,155889389.40000033,6649359.150000007,5553113.370000001,5448410.689999993
45029,fixed10,weighted,1,0.4717382889353162,0.45036488229304855,0.49524144657462993,11001524.059999995,155889389.40000033,6649359.150000007,5553113.370000001,5448410.689999993
45029,fixed10,unweighted,0,0.9631166436145688,0.9663181221626971,0.9599363084551594,93576,89827,3749,3131,3055
45029,fixed10,unweighted,1,0.4703618167821401,0.4490005878894768,0.4938570966698998,6186,89827,3749,3131,3055
45030,adaptive,weighted,0,0.9631835772084326,0.9655254718969174,0.960853015623886,162538748.55000085,156175846.70000085,6362901.849999998,5576329.959999992,5425194.100000002
45030,adaptive,weighted,1,0.4761109748753555,0.46022649654459274,0.49313113986863427,11001524.059999995,156175846.70000085,6362901.849999998,5576329.959999992,5425194.100000002
45030,adaptive,unweighted,0,0.9638698758529087,0.9661362709098327,0.9616140890826708,93576,89984,3592,3154,3032
45030,adaptive,unweighted,1,0.47338017174082747,0.4577294685990338,0.4901390236016812,6186,89984,3592,3154,3032
45030,fixed10,weighted,0,0.962204871396034,0.9648982885671373,0.9595264491778939,162538748.55000055,155960228.25000057,6578520.2999999765,5673624.869999986,5327899.190000003
45030,fixed10,weighted,1,0.4651573528083022,0.44748122594494716,0.48428737336234196,11001524.05999999,155960228.25000057,6578520.2999999765,5673624.869999986,5327899.190000003
45030,fixed10,unweighted,0,0.9629728860786625,0.9657258931258329,0.9602355304779003,93576,89855,3721,3189,2997
45030,fixed10,unweighted,1,0.4645071295722257,0.4461149151533194,0.4844810863239573,6186,89855,3721,3189,2997
