seed,bit_index,feature_name,wba,selected_initial
45001,0,age,0.5,True
45001,1,wage_per_hour,0.5020325082463941,False
45001,2,capital_gains,0.5789251395250788,False
45001,3,capital_losses,0.5358860329079368,False
45001,4,dividends_from_stocks,0.5185192031502559,False
45001,5,persons_worked_for_employer,0.5,False
45001,6,weeks_worked_in_year,0.5,False
45001,7,class_of_worker,0.5,False
45001,8,industry_code,0.5,False
45001,9,occupation_code,0.5545678862284993,False
45001,10,education,0.5562341623994916,False
45001,11,enrolled_in_education_last_week,0.5,False
45001,12,marital_status,0.5,False
45001,13,major_industry_code,0.5,False
45001,14,major_occupation_code,0.5,False
45001,15,race,0.5,False
45001,16,hispanic_origin,0.5,False
45001,17,sex,0.5,False
45001,18,member_of_labor_union,0.5,False
45001,19,reason_for_unemployment,0.5,False
45001,20,full_or_part_time_employment_status,0.5,False
45001,21,tax_filer_status,0.5,False
45001,22,region_of_previous_residence,0.5,False
45001,23,state_of_previous_residence,0.5,False
45001,24,detailed_household_and_family_status,0.5,False
45001,25,detailed_household_summary,0.5,False
45001,26,migration_code_change_in_msa,0.5,False
45001,27,migration_code_change_in_region,0.5,False
45001,28,migration_code_move_within_region,0.5,False
45001,29,lived_in_house_one_year_ago,0.5,False
45001,30,migration_previous_residence_in_sunbelt,0.5,False
45001,31,family_members_under_18,0.5,False
45001,32,country_of_birth_father,0.5,False
45001,33,country_of_birth_mother,0.5,False
45001,34,country_of_birth_self,0.5,False
45001,35,citizenship,0.5,False
45001,36,own_business_or_self_employed,0.5,False
45001,37,veterans_questionnaire,0.5,False
45001,38,veterans_benefits,0.5,False
45001,39,year,0.5,False
45002,0,age,0.5,True
45002,1,wage_per_hour,0.5025388958149555,False
45002,2,capital_gains,0.579199474393346,False
45002,3,capital_losses,0.533934629069484,False
45002,4,dividends_from_stocks,0.5193900467672248,False
45002,5,persons_worked_for_employer,0.5,False
45002,6,weeks_worked_in_year,0.5,False
45002,7,class_of_worker,0.5,False
45002,8,industry_code,0.5,False
45002,9,occupation_code,0.5363817678299503,False
45002,10,education,0.5603676517184557,False
45002,11,enrolled_in_education_last_week,0.5,False
45002,12,marital_status,0.5,False
45002,13,major_industry_code,0.5,False
45002,14,major_occupation_code,0.5,False
45002,15,race,0.5,False
45002,16,hispanic_origin,0.5,False
45002,17,sex,0.5,False
45002,18,member_of_labor_union,0.5,False
45002,19,reason_for_unemployment,0.5,False
45002,20,full_or_part_time_employment_status,0.5,False
45002,21,tax_filer_status,0.5,False
45002,22,region_of_previous_residence,0.5,False
45002,23,state_of_previous_residence,0.5,False
45002,24,detailed_household_and_family_status,0.5,False
45002,25,detailed_household_summary,0.5,False
45002,26,migration_code_change_in_msa,0.5,False
45002,27,migration_code_change_in_region,0.5,False
45002,28,migration_code_move_within_region,0.5,False
45002,29,lived_in_house_one_year_ago,0.5,False
45002,30,migration_previous_residence_in_sunbelt,0.5,False
45002,31,family_members_under_18,0.5,False
45002,32,country_of_birth_father,0.5,False
45002,33,country_of_birth_mother,0.5,False
45002,34,country_of_birth_self,0.5,False
45002,35,citizenship,0.5,False
45002,36,own_business_or_self_employed,0.5,False
45002,37,veterans_questionnaire,0.5,False
45002,38,veterans_benefits,0.5,False
45002,39,year,0.5,False
45003,0,age,0.5,True
45003,1,wage_per_hour,0.5026731826066837,False
45003,2,capital_gains,0.5767204904851428,False
45003,3,capital_losses,0.5378127783686375,False
45003,4,dividends_from_stocks,0.516988784724778,False
45003,5,persons_worked_for_employer,0.5,False
45003,6,weeks_worked_in_year,0.5,False
45003,7,class_of_worker,0.5,False
45003,8,industry_code,0.5,False
45003,9,occupation_code,0.5616392772475371,False
45003,10,education,0.5653690301758948,False
45003,11,enrolled_in_education_last_week,0.5,False
45003,12,marital_status,0.5,False
45003,13,major_industry_code,0.5,False
45003,14,major_occupation_code,0.5,False
45003,15,race,0.5,False
45003,16,hispanic_origin,0.5,False
45003,17,sex,0.5,False
45003,18,member_of_labor_union,0.5,False
45003,19,reason_for_unemployment,0.5,False
45003,20,full_or_part_time_employment_status,0.5,False
45003,21,tax_filer_status,0.5,False
45003,22,region_of_previous_residence,0.5,False
45003,23,state_of_previous_residence,0.5,False
45003,24,detailed_household_and_family_status,0.5,False
45003,25,detailed_household_summary,0.5,False
45003,26,migration_code_change_in_msa,0.5,False
45003,27,migration_code_change_in_region,0.5,False
45003,28,migration_code_move_within_region,0.5,False
45003,29,lived_in_house_one_year_ago,0.5,False
45003,30,migration_previous_residence_in_sunbelt,0.5,False
45003,31,family_members_under_18,0.5,False
45003,32,country_of_birth_father,0.5,False
45003,33,country_of_birth_mother,0.5,False
45003,34,country_of_birth_self,0.5,False
45003,35,citizenship,0.5,False
45003,36,own_business_or_self_employed,0.5,False
45003,37,veterans_questionnaire,0.5,False
45003,38,veterans_benefits,0.5,False
45003,39,year,0.5,False
45004,0,age,0.5,True
45004,1,wage_per_hour,0.5011480924791236,False
45004,2,capital_gains,0.5813466072411013,False
45004,3,capital_losses,0.5335374288912644,False
45004,4,dividends_from_stocks,0.5224943905891798,False
45004,5,persons_worked_for_employer,0.5,False
45004,6,weeks_worked_in_year,0.5,False
45004,7,class_of_worker,0.5,False
45004,8,industry_code,0.5,False
45004,9,occupation_code,0.5634993619684955,False
45004,10,education,0.5596881500041138,False
45004,11,enrolled_in_education_last_week,0.5,False
45004,12,marital_status,0.5,False
45004,13,major_industry_code,0.5,False
45004,14,major_occupation_code,0.5,False
45004,15,race,0.5,False
45004,16,hispanic_origin,0.5,False
45004,17,sex,0.5,False
45004,18,member_of_labor_union,0.5,False
45004,19,reason_for_unemployment,0.5,False
45004,20,full_or_part_time_employment_status,0.5,False
45004,21,tax_filer_status,0.5,False
45004,22,region_of_previous_residence,0.5,False
45004,23,state_of_previous_residence,0.5,False
45004,24,detailed_household_and_family_status,0.5,False
45004,25,detailed_household_summary,0.5,False
45004,26,migration_code_change_in_msa,0.5,False
45004,27,migration_code_change_in_region,0.5,False
45004,28,migration_code_move_within_region,0.5,False
45004,29,lived_in_house_one_year_ago,0.5,False
45004,30,migration_previous_residence_in_sunbelt,0.5,False
45004,31,family_members_under_18,0.5,False
45004,32,country_of_birth_father,0.5,False
45004,33,country_of_birth_mother,0.5,False
45004,34,country_of_birth_self,0.5,False
45004,35,citizenship,0.5,False
45004,36,own_business_or_self_employed,0.5,False
45004,37,veterans_questionnaire,0.5,False
45004,38,veterans_benefits,0.5,False
45004,39,year,0.5,False
45005,0,age,0.5,True
45005,1,wage_per_hour,0.5009703107583514,False
45005,2,capital_gains,0.5771677528396735,False
45005,3,capital_losses,0.5377241405677248,False
45005,4,dividends_from_stocks,0.5158132397025598,False
45005,5,persons_worked_for_employer,0.5,False
45005,6,weeks_worked_in_year,0.5,False
45005,7,class_of_worker,0.5,False
45005,8,industry_code,0.5,False
45005,9,occupation_code,0.5606758682977792,False
45005,10,education,0.557654178561624,False
45005,11,enrolled_in_education_last_week,0.5,False
45005,12,marital_status,0.5,False
45005,13,major_industry_code,0.5,False
45005,14,major_occupation_code,0.5,False
45005,15,race,0.5,False
45005,16,hispanic_origin,0.5,False
45005,17,sex,0.5,False
45005,18,member_of_labor_union,0.5,False
45005,19,reason_for_unemployment,0.5,False
45005,20,full_or_part_time_employment_status,0.5,False
45005,21,tax_filer_status,0.5,False
45005,22,region_of_previous_residence,0.5,False
45005,23,state_of_previous_residence,0.5,False
45005,24,detailed_household_and_family_status,0.5,False
45005,25,detailed_household_summary,0.5,False
45005,26,migration_code_change_in_msa,0.5,False
45005,27,migration_code_change_in_region,0.5,False
45005,28,migration_code_move_within_region,0.5,False
45005,29,lived_in_house_one_year_ago,0.5,False
45005,30,migration_previous_residence_in_sunbelt,0.5,False
45005,31,family_members_under_18,0.5,False
45005,32,country_of_birth_father,0.5,False
45005,33,country_of_birth_mother,0.5,False
45005,34,country_of_birth_self,0.5,False
45005,35,citizenship,0.5,False
45005,36,own_business_or_self_employed,0.5,False
45005,37,veterans_questionnaire,0.5,False
45005,38,veterans_benefits,0.5,False
45005,39,year,0.5,False
45006,0,age,0.5,True
45006,1,wage_per_hour,0.501959006194129,False
45006,2,capital_gains,0.5794836337302118,False
45006,3,capital_losses,0.5371211179890505,False
45006,4,dividends_from_stocks,0.5153066704556221,False
45006,5,persons_worked_for_employer,0.5,False
45006,6,weeks_worked_in_year,0.5,False
45006,7,class_of_worker,0.5,False
45006,8,industry_code,0.5,False
45006,9,occupation_code,0.538151445619411,False
45006,10,education,0.5655400515257132,False
45006,11,enrolled_in_education_last_week,0.5,False
45006,12,marital_status,0.5,False
45006,13,major_industry_code,0.5,False
45006,14,major_occupation_code,0.5,False
45006,15,race,0.5,False
45006,16,hispanic_origin,0.5,False
45006,17,sex,0.5,False
45006,18,member_of_labor_union,0.5,False
45006,19,reason_for_unemployment,0.5,False
45006,20,full_or_part_time_employment_status,0.5,False
45006,21,tax_filer_status,0.5,False
45006,22,region_of_previous_residence,0.5,False
45006,23,state_of_previous_residence,0.5,False
45006,24,detailed_household_and_family_status,0.5,False
45006,25,detailed_household_summary,0.5,False
45006,26,migration_code_change_in_msa,0.5,False
45006,27,migration_code_change_in_region,0.5,False
45006,28,migration_code_move_within_region,0.5,False
45006,29,lived_in_house_one_year_ago,0.5,False
45006,30,migration_previous_residence_in_sunbelt,0.5,False
45006,31,family_members_under_18,0.5,False
45006,32,country_of_birth_father,0.5,False
45006,33,country_of_birth_mother,0.5,False
45006,34,country_of_birth_self,0.5,False
45006,35,citizenship,0.5,False
45006,36,own_business_or_self_employed,0.5,False
45006,37,veterans_questionnaire,0.5,False
45006,38,veterans_benefits,0.5,False
45006,39,year,0.5,False
45007,0,age,0.5,True
45007,1,wage_per_hour,0.502719208121681,False
45007,2,capital_gains,0.5831833575554974,False
45007,3,capital_losses,0.5384131820223547,False
45007,4,dividends_from_stocks,0.5182330937951429,False
45007,5,persons_worked_for_employer,0.5,False
45007,6,weeks_worked_in_year,0.5,False
45007,7,class_of_worker,0.5,False
45007,8,industry_code,0.5,False
45007,9,occupation_code,0.5339780007208612,False
45007,10,education,0.5582885430595382,False
45007,11,enrolled_in_education_last_week,0.5,False
45007,12,marital_status,0.5,False
45007,13,major_industry_code,0.5,False
45007,14,major_occupation_code,0.5,False
45007,15,race,0.5,False
45007,16,hispanic_origin,0.5,False
45007,17,sex,0.5,False
45007,18,member_of_labor_union,0.5,False
45007,19,reason_for_unemployment,0.5,False
45007,20,full_or_part_time_employment_status,0.5,False
45007,21,tax_filer_status,0.5,False
45007,22,region_of_previous_residence,0.5,False
45007,23,state_of_previous_residence,0.5,False
45007,24,detailed_household_and_family_status,0.5,False
45007,25,detailed_household_summary,0.5,False
45007,26,migration_code_change_in_msa,0.5,False
45007,27,migration_code_change_in_region,0.5,False
45007,28,migration_code_move_within_region,0.5,False
45007,29,lived_in_house_one_year_ago,0.5,False
45007,30,migration_previous_residence_in_sunbelt,0.5,False
45007,31,family_members_under_18,0.5,False
45007,32,country_of_birth_father,0.5,False
45007,33,country_of_birth_mother,0.5,False
45007,34,country_of_birth_self,0.5,False
45007,35,citizenship,0.5,False
45007,36,own_business_or_self_employed,0.5,False
45007,37,veterans_questionnaire,0.5,False
45007,38,veterans_benefits,0.5,False
45007,39,year,0.5,False
45008,0,age,0.5,True
45008,1,wage_per_hour,0.5010162801304467,False
45008,2,capital_gains,0.5845330225754845,False
45008,3,capital_losses,0.5396110777895672,False
45008,4,dividends_from_stocks,0.5236212116867811,False
45008,5,persons_worked_for_employer,0.5,False
45008,6,weeks_worked_in_year,0.5,False
45008,7,class_of_worker,0.5,False
45008,8,industry_code,0.5,False
45008,9,occupation_code,0.5612832163499676,False
45008,10,education,0.5642871737461052,False
45008,11,enrolled_in_education_last_week,0.5,False
45008,12,marital_status,0.5,False
45008,13,major_industry_code,0.5,False
45008,14,major_occupation_code,0.5,False
45008,15,race,0.5,False
45008,16,hispanic_origin,0.5,False
45008,17,sex,0.5,False
45008,18,member_of_labor_union,0.5,False
45008,19,reason_for_unemployment,0.5,False
45008,20,full_or_part_time_employment_status,0.5,False
45008,21,tax_filer_status,0.5,False
45008,22,region_of_previous_residence,0.5,False
45008,23,state_of_previous_residence,0.5,False
45008,24,detailed_household_and_family_status,0.5,False
45008,25,detailed_household_summary,0.5,False
45008,26,migration_code_change_in_msa,0.5,False
45008,27,migration_code_change_in_region,0.5,False
45008,28,migration_code_move_within_region,0.5,False
45008,29,lived_in_house_one_year_ago,0.5,False
45008,30,migration_previous_residence_in_sunbelt,0.5,False
45008,31,family_members_under_18,0.5,False
45008,32,country_of_birth_father,0.5,False
45008,33,country_of_birth_mother,0.5,False
45008,34,country_of_birth_self,0.5,False
45008,35,citizenship,0.5,False
45008,36,own_business_or_self_employed,0.5,False
45008,37,veterans_questionnaire,0.5,False
45008,38,veterans_benefits,0.5,False
45008,39,year,0.5,False
45009,0,age,0.5,True
45009,1,wage_per_hour,0.503389008067244,False
45009,2,capital_gains,0.5816653912524232,False
45009,3,capital_losses,0.5351367971884788,False
45009,4,dividends_from_stocks,0.5178703531910054,False
45009,5,persons_worked_for_employer,0.5,False
45009,6,weeks_worked_in_year,0.5,False
45009,7,class_of_worker,0.5,False
45009,8,industry_code,0.5,False
45009,9,occupation_code,0.5592350763336573,False
45009,10,education,0.5607203538414519,False
45009,11,enrolled_in_education_last_week,0.5,False
45009,12,marital_status,0.5,False
45009,13,major_industry_code,0.5,False
45009,14,major_occupation_code,0.5,False
45009,15,race,0.5,False
45009,16,hispanic_origin,0.5,False
45009,17,sex,0.5,False
45009,18,member_of_labor_union,0.5,False
45009,19,reason_for_unemployment,0.5,False
45009,20,full_or_part_time_employment_status,0.5,False
45009,21,tax_filer_status,0.5,False
45009,22,region_of_previous_residence,0.5,False
45009,23,state_of_previous_residence,0.5,False
45009,24,detailed_household_and_family_status,0.5,False
45009,25,detailed_household_summary,0.5,False
45009,26,migration_code_change_in_msa,0.5,False
45009,27,migration_code_change_in_region,0.5,False
45009,28,migration_code_move_within_region,0.5,False
45009,29,lived_in_house_one_year_ago,0.5,False
45009,30,migration_previous_residence_in_sunbelt,0.5,False
45009,31,family_members_under_18,0.5,False
45009,32,country_of_birth_father,0.5,False
45009,33,country_of_birth_mother,0.5,False
45009,34,country_of_birth_self,0.5,False
45009,35,citizenship,0.5,False
45009,36,own_business_or_self_employed,0.5,False
45009,37,veterans_questionnaire,0.5,False
45009,38,veterans_benefits,0.5,False
45009,39,year,0.5,False
45010,0,age,0.5,True
45010,1,wage_per_hour,0.5015807302854397,False
45010,2,capital_gains,0.5775434381458514,False
45010,3,capital_losses,0.5373808758398655,False
45010,4,dividends_from_stocks,0.5194132400274475,False
45010,5,persons_worked_for_employer,0.5,False
45010,6,weeks_worked_in_year,0.5,False
45010,7,class_of_worker,0.5,False
45010,8,industry_code,0.5,False
45010,9,occupation_code,0.5350612068208882,False
45010,10,education,0.5579414114217804,False
45010,11,enrolled_in_education_last_week,0.5,False
45010,12,marital_status,0.5,False
45010,13,major_industry_code,0.5,False
45010,14,major_occupation_code,0.5,False
45010,15,race,0.5,False
45010,16,hispanic_origin,0.5,False
45010,17,sex,0.5,False
45010,18,member_of_labor_union,0.5,False
45010,19,reason_for_unemployment,0.5,False
45010,20,full_or_part_time_employment_status,0.5,False
45010,21,tax_filer_status,0.5,False
45010,22,region_of_previous_residence,0.5,False
45010,23,state_of_previous_residence,0.5,False
45010,24,detailed_household_and_family_status,0.5,False
45010,25,detailed_household_summary,0.5,False
45010,26,migration_code_change_in_msa,0.5,False
45010,27,migration_code_change_in_region,0.5,False
45010,28,migration_code_move_within_region,0.5,False
45010,29,lived_in_house_one_year_ago,0.5,False
45010,30,migration_previous_residence_in_sunbelt,0.5,False
45010,31,family_members_under_18,0.5,False
45010,32,country_of_birth_father,0.5,False
45010,33,country_of_birth_mother,0.5,False
45010,34,country_of_birth_self,0.5,False
45010,35,citizenship,0.5,False
45010,36,own_business_or_self_employed,0.5,False
45010,37,veterans_questionnaire,0.5,False
45010,38,veterans_benefits,0.5,False
45010,39,year,0.5,False
45011,0,age,0.5,True
45011,1,wage_per_hour,0.5012261381058338,False
45011,2,capital_gains,0.5784699943328154,False
45011,3,capital_losses,0.5362025260720904,False
45011,4,dividends_from_stocks,0.5166063656850346,False
45011,5,persons_worked_for_employer,0.5,False
45011,6,weeks_worked_in_year,0.5,False
45011,7,class_of_worker,0.5,False
45011,8,industry_code,0.5001735881517942,False
45011,9,occupation_code,0.536230864461711,False
45011,10,education,0.5623211172192155,False
45011,11,enrolled_in_education_last_week,0.5,False
45011,12,marital_status,0.5,False
45011,13,major_industry_code,0.5,False
45011,14,major_occupation_code,0.5,False
45011,15,race,0.5,False
45011,16,hispanic_origin,0.5,False
45011,17,sex,0.5,False
45011,18,member_of_labor_union,0.5,False
45011,19,reason_for_unemployment,0.5,False
45011,20,full_or_part_time_employment_status,0.5,False
45011,21,tax_filer_status,0.5,False
45011,22,region_of_previous_residence,0.5,False
45011,23,state_of_previous_residence,0.5,False
45011,24,detailed_household_and_family_status,0.5,False
45011,25,detailed_household_summary,0.5,False
45011,26,migration_code_change_in_msa,0.5,False
45011,27,migration_code_change_in_region,0.5,False
45011,28,migration_code_move_within_region,0.5,False
45011,29,lived_in_house_one_year_ago,0.5,False
45011,30,migration_previous_residence_in_sunbelt,0.5,False
45011,31,family_members_under_18,0.5,False
45011,32,country_of_birth_father,0.5,False
45011,33,country_of_birth_mother,0.5,False
45011,34,country_of_birth_self,0.5,False
45011,35,citizenship,0.5,False
45011,36,own_business_or_self_employed,0.5,False
45011,37,veterans_questionnaire,0.5,False
45011,38,veterans_benefits,0.5,False
45011,39,year,0.5,False
45012,0,age,0.5,True
45012,1,wage_per_hour,0.5022040228971435,False
45012,2,capital_gains,0.5823086530054264,False
45012,3,capital_losses,0.5386464378216114,False
45012,4,dividends_from_stocks,0.5187143965056156,False
45012,5,persons_worked_for_employer,0.5,False
45012,6,weeks_worked_in_year,0.5,False
45012,7,class_of_worker,0.5,False
45012,8,industry_code,0.5,False
45012,9,occupation_code,0.5645593810629621,False
45012,10,education,0.5617780247535396,False
45012,11,enrolled_in_education_last_week,0.5,False
45012,12,marital_status,0.5,False
45012,13,major_industry_code,0.5,False
45012,14,major_occupation_code,0.5,False
45012,15,race,0.5,False
45012,16,hispanic_origin,0.5,False
45012,17,sex,0.5,False
45012,18,member_of_labor_union,0.5,False
45012,19,reason_for_unemployment,0.5,False
45012,20,full_or_part_time_employment_status,0.5,False
45012,21,tax_filer_status,0.5,False
45012,22,region_of_previous_residence,0.5,False
45012,23,state_of_previous_residence,0.5,False
45012,24,detailed_household_and_family_status,0.5,False
45012,25,detailed_household_summary,0.5,False
45012,26,migration_code_change_in_msa,0.5,False
45012,27,migration_code_change_in_region,0.5,False
45012,28,migration_code_move_within_region,0.5,False
45012,29,lived_in_house_one_year_ago,0.5,False
45012,30,migration_previous_residence_in_sunbelt,0.5,False
45012,31,family_members_under_18,0.5,False
45012,32,country_of_birth_father,0.5,False
45012,33,country_of_birth_mother,0.5,False
45012,34,country_of_birth_self,0.5,False
45012,35,citizenship,0.5,False
45012,36,own_business_or_self_employed,0.5,False
45012,37,veterans_questionnaire,0.5,False
45012,38,veterans_benefits,0.5,False
45012,39,year,0.5,False
45013,0,age,0.5,True
45013,1,wage_per_hour,0.5029274514184516,False
45013,2,capital_gains,0.578668505366575,False
45013,3,capital_losses,0.5368814947062432,False
45013,4,dividends_from_stocks,0.5175621861645141,False
45013,5,persons_worked_for_employer,0.5,False
45013,6,weeks_worked_in_year,0.5,False
45013,7,class_of_worker,0.5,False
45013,8,industry_code,0.5003970363585377,False
45013,9,occupation_code,0.5340660126099265,False
45013,10,education,0.5600621622601742,False
45013,11,enrolled_in_education_last_week,0.5,False
45013,12,marital_status,0.5,False
45013,13,major_industry_code,0.5,False
45013,14,major_occupation_code,0.5,False
45013,15,race,0.5,False
45013,16,hispanic_origin,0.5,False
45013,17,sex,0.5,False
45013,18,member_of_labor_union,0.5,False
45013,19,reason_for_unemployment,0.5,False
45013,20,full_or_part_time_employment_status,0.5,False
45013,21,tax_filer_status,0.5,False
45013,22,region_of_previous_residence,0.5,False
45013,23,state_of_previous_residence,0.5,False
45013,24,detailed_household_and_family_status,0.5,False
45013,25,detailed_household_summary,0.5,False
45013,26,migration_code_change_in_msa,0.5,False
45013,27,migration_code_change_in_region,0.5,False
45013,28,migration_code_move_within_region,0.5,False
45013,29,lived_in_house_one_year_ago,0.5,False
45013,30,migration_previous_residence_in_sunbelt,0.5,False
45013,31,family_members_under_18,0.5,False
45013,32,country_of_birth_father,0.5,False
45013,33,country_of_birth_mother,0.5,False
45013,34,country_of_birth_self,0.5,False
45013,35,citizenship,0.5,False
45013,36,own_business_or_self_employed,0.5,False
45013,37,veterans_questionnaire,0.5,False
45013,38,veterans_benefits,0.5,False
45013,39,year,0.5,False
45014,0,age,0.5,True
45014,1,wage_per_hour,0.5017893264149962,False
45014,2,capital_gains,0.5764713016017644,False
45014,3,capital_losses,0.5395469472841511,False
45014,4,dividends_from_stocks,0.5160966426782346,False
45014,5,persons_worked_for_employer,0.5,False
45014,6,weeks_worked_in_year,0.5,False
45014,7,class_of_worker,0.5,False
45014,8,industry_code,0.5,False
45014,9,occupation_code,0.562145529628088,False
45014,10,education,0.5597307523410551,False
45014,11,enrolled_in_education_last_week,0.5,False
45014,12,marital_status,0.5,False
45014,13,major_industry_code,0.5,False
45014,14,major_occupation_code,0.5,False
45014,15,race,0.5,False
45014,16,hispanic_origin,0.5,False
45014,17,sex,0.5,False
45014,18,member_of_labor_union,0.5,False
45014,19,reason_for_unemployment,0.5,False
45014,20,full_or_part_time_employment_status,0.5,False
45014,21,tax_filer_status,0.5,False
45014,22,region_of_previous_residence,0.5,False
45014,23,state_of_previous_residence,0.5,False
45014,24,detailed_household_and_family_status,0.5,False
45014,25,detailed_household_summary,0.5,False
45014,26,migration_code_change_in_msa,0.5,False
45014,27,migration_code_change_in_region,0.5,False
45014,28,migration_code_move_within_region,0.5,False
45014,29,lived_in_house_one_year_ago,0.5,False
45014,30,migration_previous_residence_in_sunbelt,0.5,False
45014,31,family_members_under_18,0.5,False
45014,32,country_of_birth_father,0.5,False
45014,33,country_of_birth_mother,0.5,False
45014,34,country_of_birth_self,0.5,False
45014,35,citizenship,0.5,False
45014,36,own_business_or_self_employed,0.5,False
45014,37,veterans_questionnaire,0.5,False
45014,38,veterans_benefits,0.5,False
45014,39,year,0.5,False
45015,0,age,0.5,True
45015,1,wage_per_hour,0.5012335910364077,False
45015,2,capital_gains,0.5835643011299426,False
45015,3,capital_losses,0.536123069119175,False
45015,4,dividends_from_stocks,0.5150125709896071,False
45015,5,persons_worked_for_employer,0.5,False
45015,6,weeks_worked_in_year,0.5,False
45015,7,class_of_worker,0.5,False
45015,8,industry_code,0.5003856063195544,False
45015,9,occupation_code,0.531798835790192,False
45015,10,education,0.5569135287288186,False
45015,11,enrolled_in_education_last_week,0.5,False
45015,12,marital_status,0.5,False
45015,13,major_industry_code,0.5,False
45015,14,major_occupation_code,0.5,False
45015,15,race,0.5,False
45015,16,hispanic_origin,0.5,False
45015,17,sex,0.5,False
45015,18,member_of_labor_union,0.5,False
45015,19,reason_for_unemployment,0.5,False
45015,20,full_or_part_time_employment_status,0.5,False
45015,21,tax_filer_status,0.5,False
45015,22,region_of_previous_residence,0.5,False
45015,23,state_of_previous_residence,0.5,False
45015,24,detailed_household_and_family_status,0.5,False
45015,25,detailed_household_summary,0.5,False
45015,26,migration_code_change_in_msa,0.5,False
45015,27,migration_code_change_in_region,0.5,False
45015,28,migration_code_move_within_region,0.5,False
45015,29,lived_in_house_one_year_ago,0.5,False
45015,30,migration_previous_residence_in_sunbelt,0.5,False
45015,31,family_members_under_18,0.5,False
45015,32,country_of_birth_father,0.5,False
45015,33,country_of_birth_mother,0.5,False
45015,34,country_of_birth_self,0.5,False
45015,35,citizenship,0.5,False
45015,36,own_business_or_self_employed,0.5,False
45015,37,veterans_questionnaire,0.5,False
45015,38,veterans_benefits,0.5,False
45015,39,year,0.5,False
45016,0,age,0.5,True
45016,1,wage_per_hour,0.5020008374904485,False
45016,2,capital_gains,0.5792536917286928,False
45016,3,capital_losses,0.5415216000455353,False
45016,4,dividends_from_stocks,0.5188804526597478,False
45016,5,persons_worked_for_employer,0.5,False
45016,6,weeks_worked_in_year,0.5,False
45016,7,class_of_worker,0.5,False
45016,8,industry_code,0.5,False
45016,9,occupation_code,0.5631027888674044,False
45016,10,education,0.5606510835097569,False
45016,11,enrolled_in_education_last_week,0.5,False
45016,12,marital_status,0.5,False
45016,13,major_industry_code,0.5,False
45016,14,major_occupation_code,0.5,False
45016,15,race,0.5,False
45016,16,hispanic_origin,0.5,False
45016,17,sex,0.5,False
45016,18,member_of_labor_union,0.5,False
45016,19,reason_for_unemployment,0.5,False
45016,20,full_or_part_time_employment_status,0.5,False
45016,21,tax_filer_status,0.5,False
45016,22,region_of_previous_residence,0.5,False
45016,23,state_of_previous_residence,0.5,False
45016,24,detailed_household_and_family_status,0.5,False
45016,25,detailed_household_summary,0.5,False
45016,26,migration_code_change_in_msa,0.5,False
45016,27,migration_code_change_in_region,0.5,False
45016,28,migration_code_move_within_region,0.5,False
45016,29,lived_in_house_one_year_ago,0.5,False
45016,30,migration_previous_residence_in_sunbelt,0.5,False
45016,31,family_members_under_18,0.5,False
45016,32,country_of_birth_father,0.5,False
45016,33,country_of_birth_mother,0.5,False
45016,34,country_of_birth_self,0.5,False
45016,35,citizenship,0.5,False
45016,36,own_business_or_self_employed,0.5,False
45016,37,veterans_questionnaire,0.5,False
45016,38,veterans_benefits,0.5,False
45016,39,year,0.5,False
45017,0,age,0.5,True
45017,1,wage_per_hour,0.5009774425377123,False
45017,2,capital_gains,0.5805285816412358,False
45017,3,capital_losses,0.5377747289842247,False
45017,4,dividends_from_stocks,0.5191511111392395,False
45017,5,persons_worked_for_employer,0.5,False
45017,6,weeks_worked_in_year,0.5,False
45017,7,class_of_worker,0.5,False
45017,8,industry_code,0.5,False
45017,9,occupation_code,0.5661330609886788,False
45017,10,education,0.5673210920911103,False
45017,11,enrolled_in_education_last_week,0.5,False
45017,12,marital_status,0.5,False
45017,13,major_industry_code,0.5,False
45017,14,major_occupation_code,0.5,False
45017,15,race,0.5,False
45017,16,hispanic_origin,0.5,False
45017,17,sex,0.5,False
45017,18,member_of_labor_union,0.5,False
45017,19,reason_for_unemployment,0.5,False
45017,20,full_or_part_time_employment_status,0.5,False
45017,21,tax_filer_status,0.5,False
45017,22,region_of_previous_residence,0.5,False
45017,23,state_of_previous_residence,0.5,False
45017,24,detailed_household_and_family_status,0.5,False
45017,25,detailed_household_summary,0.5,False
45017,26,migration_code_change_in_msa,0.5,False
45017,27,migration_code_change_in_region,0.5,False
45017,28,migration_code_move_within_region,0.5,False
45017,29,lived_in_house_one_year_ago,0.5,False
45017,30,migration_previous_residence_in_sunbelt,0.5,False
45017,31,family_members_under_18,0.5,False
45017,32,country_of_birth_father,0.5,False
45017,33,country_of_birth_mother,0.5,False
45017,34,country_of_birth_self,0.5,False
45017,35,citizenship,0.5,False
45017,36,own_business_or_self_employed,0.5,False
45017,37,veterans_questionnaire,0.5,False
45017,38,veterans_benefits,0.5,False
45017,39,year,0.5,False
45018,0,age,0.5,True
45018,1,wage_per_hour,0.5017059864652378,False
45018,2,capital_gains,0.5894338203265646,False
45018,3,capital_losses,0.5372126227757426,False
45018,4,dividends_from_stocks,0.5197782017178684,False
45018,5,persons_worked_for_employer,0.5,False
45018,6,weeks_worked_in_year,0.5,False
45018,7,class_of_worker,0.5,False
45018,8,industry_code,0.5,False
45018,9,occupation_code,0.5372056365860362,False
45018,10,education,0.5603843790963865,False
45018,11,enrolled_in_education_last_week,0.5,False
45018,12,marital_status,0.5,False
45018,13,major_industry_code,0.5,False
45018,14,major_occupation_code,0.5,False
45018,15,race,0.5,False
45018,16,hispanic_origin,0.5,False
45018,17,sex,0.5,False
45018,18,member_of_labor_union,0.5,False
45018,19,reason_for_unemployment,0.5,False
45018,20,full_or_part_time_employment_status,0.5,False
45018,21,tax_filer_status,0.5,False
45018,22,region_of_previous_residence,0.5,False
45018,23,state_of_previous_residence,0.5,False
45018,24,detailed_household_and_family_status,0.5,False
45018,25,detailed_household_summary,0.5,False
45018,26,migration_code_change_in_msa,0.5,False
45018,27,migration_code_change_in_region,0.5,False
45018,28,migration_code_move_within_region,0.5,False
45018,29,lived_in_house_one_year_ago,0.5,False
45018,30,migration_previous_residence_in_sunbelt,0.5,False
45018,31,family_members_under_18,0.5,False
45018,32,country_of_birth_father,0.5,False
45018,33,country_of_birth_mother,0.5,False
45018,34,country_of_birth_self,0.5,False
45018,35,citizenship,0.5,False
45018,36,own_business_or_self_employed,0.5,False
45018,37,veterans_questionnaire,0.5,False
45018,38,veterans_benefits,0.5,False
45018,39,year,0.5,False
45019,0,age,0.5,True
45019,1,wage_per_hour,0.5009787547960787,False
45019,2,capital_gains,0.5773858825982958,False
45019,3,capital_losses,0.5368720965014799,False
45019,4,dividends_from_stocks,0.5195057278616695,False
45019,5,persons_worked_for_employer,0.5,False
45019,6,weeks_worked_in_year,0.5,False
45019,7,class_of_worker,0.5,False
45019,8,industry_code,0.5,False
45019,9,occupation_code,0.5582161109690597,False
45019,10,education,0.5551055825488114,False
45019,11,enrolled_in_education_last_week,0.5,False
45019,12,marital_status,0.5,False
45019,13,major_industry_code,0.5,False
45019,14,major_occupation_code,0.5,False
45019,15,race,0.5,False
45019,16,hispanic_origin,0.5,False
45019,17,sex,0.5,False
45019,18,member_of_labor_union,0.5,False
45019,19,reason_for_unemployment,0.5,False
45019,20,full_or_part_time_employment_status,0.5,False
45019,21,tax_filer_status,0.5,False
45019,22,region_of_previous_residence,0.5,False
45019,23,state_of_previous_residence,0.5,False
45019,24,detailed_household_and_family_status,0.5,False
45019,25,detailed_household_summary,0.5,False
45019,26,migration_code_change_in_msa,0.5,False
45019,27,migration_code_change_in_region,0.5,False
45019,28,migration_code_move_within_region,0.5,False
45019,29,lived_in_house_one_year_ago,0.5,False
45019,30,migration_previous_residence_in_sunbelt,0.5,False
45019,31,family_members_under_18,0.5,False
45019,32,country_of_birth_father,0.5,False
45019,33,country_of_birth_mother,0.5,False
45019,34,country_of_birth_self,0.5,False
45019,35,citizenship,0.5,False
45019,36,own_business_or_self_employed,0.5,False
45019,37,veterans_questionnaire,0.5,False
45019,38,veterans_benefits,0.5,False
45019,39,year,0.5,False
45020,0,age,0.5,True
45020,1,wage_per_hour,0.501874475043631,False
45020,2,capital_gains,0.5787422227231189,False
45020,3,capital_losses,0.5411849291644945,False
45020,4,dividends_from_stocks,0.5194260849171872,False
45020,5,persons_worked_for_employer,0.5,False
45020,6,weeks_worked_in_year,0.5,False
45020,7,class_of_worker,0.5,False
45020,8,industry_code,0.5,False
45020,9,occupation_code,0.5616291920771447,False
45020,10,education,0.5621004732278196,False
45020,11,enrolled_in_education_last_week,0.5,False
45020,12,marital_status,0.5,False
45020,13,major_industry_code,0.5,False
45020,14,major_occupation_code,0.5,False
45020,15,race,0.5,False
45020,16,hispanic_origin,0.5,False
45020,17,sex,0.5,False
45020,18,member_of_labor_union,0.5,False
45020,19,reason_for_unemployment,0.5,False
45020,20,full_or_part_time_employment_status,0.5,False
45020,21,tax_filer_status,0.5,False
45020,22,region_of_previous_residence,0.5,False
45020,23,state_of_previous_residence,0.5,False
45020,24,detailed_household_and_family_status,0.5,False
45020,25,detailed_household_summary,0.5,False
45020,26,migration_code_change_in_msa,0.5,False
45020,27,migration_code_change_in_region,0.5,False
45020,28,migration_code_move_within_region,0.5,False
45020,29,lived_in_house_one_year_ago,0.5,False
45020,30,migration_previous_residence_in_sunbelt,0.5,False
45020,31,family_members_under_18,0.5,False
45020,32,country_of_birth_father,0.5,False
45020,33,country_of_birth_mother,0.5,False
45020,34,country_of_birth_self,0.5,False
45020,35,citizenship,0.5,False
45020,36,own_business_or_self_employed,0.5,False
45020,37,veterans_questionnaire,0.5,False
45020,38,veterans_benefits,0.5,False
45020,39,year,0.5,False
45021,0,age,0.5,True
45021,1,wage_per_hour,0.5023508347733926,False
45021,2,capital_gains,0.5824128150159656,False
45021,3,capital_losses,0.5399610073847956,False
45021,4,dividends_from_stocks,0.5197155959255835,False
45021,5,persons_worked_for_employer,0.5,False
45021,6,weeks_worked_in_year,0.5,False
45021,7,class_of_worker,0.5,False
45021,8,industry_code,0.5,False
45021,9,occupation_code,0.5361491358946727,False
45021,10,education,0.5612111392880805,False
45021,11,enrolled_in_education_last_week,0.5,False
45021,12,marital_status,0.5,False
45021,13,major_industry_code,0.5,False
45021,14,major_occupation_code,0.5,False
45021,15,race,0.5,False
45021,16,hispanic_origin,0.5,False
45021,17,sex,0.5,False
45021,18,member_of_labor_union,0.5,False
45021,19,reason_for_unemployment,0.5,False
45021,20,full_or_part_time_employment_status,0.5,False
45021,21,tax_filer_status,0.5,False
45021,22,region_of_previous_residence,0.5,False
45021,23,state_of_previous_residence,0.5,False
45021,24,detailed_household_and_family_status,0.5,False
45021,25,detailed_household_summary,0.5,False
45021,26,migration_code_change_in_msa,0.5,False
45021,27,migration_code_change_in_region,0.5,False
45021,28,migration_code_move_within_region,0.5,False
45021,29,lived_in_house_one_year_ago,0.5,False
45021,30,migration_previous_residence_in_sunbelt,0.5,False
45021,31,family_members_under_18,0.5,False
45021,32,country_of_birth_father,0.5,False
45021,33,country_of_birth_mother,0.5,False
45021,34,country_of_birth_self,0.5,False
45021,35,citizenship,0.5,False
45021,36,own_business_or_self_employed,0.5,False
45021,37,veterans_questionnaire,0.5,False
45021,38,veterans_benefits,0.5,False
45021,39,year,0.5,False
45022,0,age,0.5,True
45022,1,wage_per_hour,0.5011437295010385,False
45022,2,capital_gains,0.5835804787140648,False
45022,3,capital_losses,0.5370786293609702,False
45022,4,dividends_from_stocks,0.5197269622010638,False
45022,5,persons_worked_for_employer,0.5,False
45022,6,weeks_worked_in_year,0.5,False
45022,7,class_of_worker,0.5,False
45022,8,industry_code,0.5,False
45022,9,occupation_code,0.536358363742647,False
45022,10,education,0.5613525170955632,False
45022,11,enrolled_in_education_last_week,0.5,False
45022,12,marital_status,0.5,False
45022,13,major_industry_code,0.5,False
45022,14,major_occupation_code,0.5,False
45022,15,race,0.5,False
45022,16,hispanic_origin,0.5,False
45022,17,sex,0.5,False
45022,18,member_of_labor_union,0.5,False
45022,19,reason_for_unemployment,0.5,False
45022,20,full_or_part_time_employment_status,0.5,False
45022,21,tax_filer_status,0.5,False
45022,22,region_of_previous_residence,0.5,False
45022,23,state_of_previous_residence,0.5,False
45022,24,detailed_household_and_family_status,0.5,False
45022,25,detailed_household_summary,0.5,False
45022,26,migration_code_change_in_msa,0.5,False
45022,27,migration_code_change_in_region,0.5,False
45022,28,migration_code_move_within_region,0.5,False
45022,29,lived_in_house_one_year_ago,0.5,False
45022,30,migration_previous_residence_in_sunbelt,0.5,False
45022,31,family_members_under_18,0.5,False
45022,32,country_of_birth_father,0.5,False
45022,33,country_of_birth_mother,0.5,False
45022,34,country_of_birth_self,0.5,False
45022,35,citizenship,0.5,False
45022,36,own_business_or_self_employed,0.5,False
45022,37,veterans_questionnaire,0.5,False
45022,38,veterans_benefits,0.5,False
45022,39,year,0.5,False
45023,0,age,0.5,True
45023,1,wage_per_hour,0.5020761982684359,False
45023,2,capital_gains,0.582585380244735,False
45023,3,capital_losses,0.5370196843879014,False
45023,4,dividends_from_stocks,0.5181458523296221,False
45023,5,persons_worked_for_employer,0.5,False
45023,6,weeks_worked_in_year,0.5,False
45023,7,class_of_worker,0.5,False
45023,8,industry_code,0.5,False
45023,9,occupation_code,0.5377125851564,False
45023,10,education,0.5614878358590696,False
45023,11,enrolled_in_education_last_week,0.5,False
45023,12,marital_status,0.5,False
45023,13,major_industry_code,0.5,False
45023,14,major_occupation_code,0.5,False
45023,15,race,0.5,False
45023,16,hispanic_origin,0.5,False
45023,17,sex,0.5,False
45023,18,member_of_labor_union,0.5,False
45023,19,reason_for_unemployment,0.5,False
45023,20,full_or_part_time_employment_status,0.5,False
45023,21,tax_filer_status,0.5,False
45023,22,region_of_previous_residence,0.5,False
45023,23,state_of_previous_residence,0.5,False
45023,24,detailed_household_and_family_status,0.5,False
45023,25,detailed_household_summary,0.5,False
45023,26,migration_code_change_in_msa,0.5,False
45023,27,migration_code_change_in_region,0.5,False
45023,28,migration_code_move_within_region,0.5,False
45023,29,lived_in_house_one_year_ago,0.5,False
45023,30,migration_previous_residence_in_sunbelt,0.5,False
45023,31,family_members_under_18,0.5,False
45023,32,country_of_birth_father,0.5,False
45023,33,country_of_birth_mother,0.5,False
45023,34,country_of_birth_self,0.5,False
45023,35,citizenship,0.5,False
45023,36,own_business_or_self_employed,0.5,False
45023,37,veterans_questionnaire,0.5,False
45023,38,veterans_benefits,0.5,False
45023,39,year,0.5,False
45024,0,age,0.5,True
45024,1,wage_per_hour,0.5029554049549275,False
45024,2,capital_gains,0.579141066195333,False
45024,3,capital_losses,0.5406273448821357,False
45024,4,dividends_from_stocks,0.5225854160950072,False
45024,5,persons_worked_for_employer,0.5,False
45024,6,weeks_worked_in_year,0.5,False
45024,7,class_of_worker,0.5,False
45024,8,industry_code,0.5,False
45024,9,occupation_code,0.5357280783986335,False
45024,10,education,0.5614291044346486,False
45024,11,enrolled_in_education_last_week,0.5,False
45024,12,marital_status,0.5,False
45024,13,major_industry_code,0.5,False
45024,14,major_occupation_code,0.5,False
45024,15,race,0.5,False
45024,16,hispanic_origin,0.5,False
45024,17,sex,0.5,False
45024,18,member_of_labor_union,0.5,False
45024,19,reason_for_unemployment,0.5,False
45024,20,full_or_part_time_employment_status,0.5,False
45024,21,tax_filer_status,0.5,False
45024,22,region_of_previous_residence,0.5,False
45024,23,state_of_previous_residence,0.5,False
45024,24,detailed_household_and_family_status,0.5,False
45024,25,detailed_household_summary,0.5,False
45024,26,migration_code_change_in_msa,0.5,False
45024,27,migration_code_change_in_region,0.5,False
45024,28,migration_code_move_within_region,0.5,False
45024,29,lived_in_house_one_year_ago,0.5,False
45024,30,migration_previous_residence_in_sunbelt,0.5,False
45024,31,family_members_under_18,0.5,False
45024,32,country_of_birth_father,0.5,False
45024,33,country_of_birth_mother,0.5,False
45024,34,country_of_birth_self,0.5,False
45024,35,citizenship,0.5,False
45024,36,own_business_or_self_employed,0.5,False
45024,37,veterans_questionnaire,0.5,False
45024,38,veterans_benefits,0.5,False
45024,39,year,0.5,False
45025,0,age,0.5,True
45025,1,wage_per_hour,0.5019904163725458,False
45025,2,capital_gains,0.5826174149246928,False
45025,3,capital_losses,0.5319452640190132,False
45025,4,dividends_from_stocks,0.5164691335619275,False
45025,5,persons_worked_for_employer,0.5,False
45025,6,weeks_worked_in_year,0.5,False
45025,7,class_of_worker,0.5,False
45025,8,industry_code,0.5,False
45025,9,occupation_code,0.5328565895547844,False
45025,10,education,0.5569341198243888,False
45025,11,enrolled_in_education_last_week,0.5,False
45025,12,marital_status,0.5,False
45025,13,major_industry_code,0.5,False
45025,14,major_occupation_code,0.5,False
45025,15,race,0.5,False
45025,16,hispanic_origin,0.5,False
45025,17,sex,0.5,False
45025,18,member_of_labor_union,0.5,False
45025,19,reason_for_unemployment,0.5,False
45025,20,full_or_part_time_employment_status,0.5,False
45025,21,tax_filer_status,0.5,False
45025,22,region_of_previous_residence,0.5,False
45025,23,state_of_previous_residence,0.5,False
45025,24,detailed_household_and_family_status,0.5,False
45025,25,detailed_household_summary,0.5,False
45025,26,migration_code_change_in_msa,0.5,False
45025,27,migration_code_change_in_region,0.5,False
45025,28,migration_code_move_within_region,0.5,False
45025,29,lived_in_house_one_year_ago,0.5,False
45025,30,migration_previous_residence_in_sunbelt,0.5,False
45025,31,family_members_under_18,0.5,False
45025,32,country_of_birth_father,0.5,False
45025,33,country_of_birth_mother,0.5,False
45025,34,country_of_birth_self,0.5,False
45025,35,citizenship,0.5,False
45025,36,own_business_or_self_employed,0.5,False
45025,37,veterans_questionnaire,0.5,False
45025,38,veterans_benefits,0.5,False
45025,39,year,0.5,False
45026,0,age,0.5,True
45026,1,wage_per_hour,0.5024739652261222,False
45026,2,capital_gains,0.5822966609838282,False
45026,3,capital_losses,0.5344417635092867,False
45026,4,dividends_from_stocks,0.5154890888868979,False
45026,5,persons_worked_for_employer,0.5,False
45026,6,weeks_worked_in_year,0.5,False
45026,7,class_of_worker,0.5,False
45026,8,industry_code,0.5,False
45026,9,occupation_code,0.5622728441876921,False
45026,10,education,0.5672270505688058,False
45026,11,enrolled_in_education_last_week,0.5,False
45026,12,marital_status,0.5,False
45026,13,major_industry_code,0.5,False
45026,14,major_occupation_code,0.5,False
45026,15,race,0.5,False
45026,16,hispanic_origin,0.5,False
45026,17,sex,0.5,False
45026,18,member_of_labor_union,0.5,False
45026,19,reason_for_unemployment,0.5,False
45026,20,full_or_part_time_employment_status,0.5,False
45026,21,tax_filer_status,0.5,False
45026,22,region_of_previous_residence,0.5,False
45026,23,state_of_previous_residence,0.5,False
45026,24,detailed_household_and_family_status,0.5,False
45026,25,detailed_household_summary,0.5,False
45026,26,migration_code_change_in_msa,0.5,False
45026,27,migration_code_change_in_region,0.5,False
45026,28,migration_code_move_within_region,0.5,False
45026,29,lived_in_house_one_year_ago,0.5,False
45026,30,migration_previous_residence_in_sunbelt,0.5,False
45026,31,family_members_under_18,0.5,False
45026,32,country_of_birth_father,0.5,False
45026,33,country_of_birth_mother,0.5,False
45026,34,country_of_birth_self,0.5,False
45026,35,citizenship,0.5,False
45026,36,own_business_or_self_employed,0.5,False
45026,37,veterans_questionnaire,0.5,False
45026,38,veterans_benefits,0.5,False
45026,39,year,0.5,False
45027,0,age,0.5,True
45027,1,wage_per_hour,0.5026634849583139,False
45027,2,capital_gains,0.5795933294319229,False
45027,3,capital_losses,0.5395732470477409,False
45027,4,dividends_from_stocks,0.5200549370599781,False
45027,5,persons_worked_for_employer,0.5,False
45027,6,weeks_worked_in_year,0.5,False
45027,7,class_of_worker,0.5,False
45027,8,industry_code,0.5,False
45027,9,occupation_code,0.5574638801246917,False
45027,10,education,0.5651652136541733,False
45027,11,enrolled_in_education_last_week,0.5,False
45027,12,marital_status,0.5,False
45027,13,major_industry_code,0.5,False
45027,14,major_occupation_code,0.5,False
45027,15,race,0.5,False
45027,16,hispanic_origin,0.5,False
45027,17,sex,0.5,False
45027,18,member_of_labor_union,0.5,False
45027,19,reason_for_unemployment,0.5,False
45027,20,full_or_part_time_employment_status,0.5,False
45027,21,tax_filer_status,0.5,False
45027,22,region_of_previous_residence,0.5,False
45027,23,state_of_previous_residence,0.5,False
45027,24,detailed_household_and_family_status,0.5,False
45027,25,detailed_household_summary,0.5,False
45027,26,migration_code_change_in_msa,0.5,False
45027,27,migration_code_change_in_region,0.5,False
45027,28,migration_code_move_within_region,0.5,False
45027,29,lived_in_house_one_year_ago,0.5,False
45027,30,migration_previous_residence_in_sunbelt,0.5,False
45027,31,family_members_under_18,0.5,False
45027,32,country_of_birth_father,0.5,False
45027,33,country_of_birth_mother,0.5,False
45027,34,country_of_birth_self,0.5,False
45027,35,citizenship,0.5,False
45027,36,own_business_or_self_employed,0.5,False
45027,37,veterans_questionnaire,0.5,False
45027,38,veterans_benefits,0.5,False
45027,39,year,0.5,False
45028,0,age,0.5,True
45028,1,wage_per_hour,0.502803010161864,False
45028,2,capital_gains,0.5874973932731501,False
45028,3,capital_losses,0.5338006794567361,False
45028,4,dividends_from_stocks,0.5205369548196457,False
45028,5,persons_worked_for_employer,0.5,False
45028,6,weeks_worked_in_year,0.5,False
45028,7,class_of_worker,0.5,False
45028,8,industry_code,0.5,False
45028,9,occupation_code,0.533080357811385,False
45028,10,education,0.5576606164462976,False
45028,11,enrolled_in_education_last_week,0.5,False
45028,12,marital_status,0.5,False
45028,13,major_industry_code,0.5,False
45028,14,major_occupation_code,0.5,False
45028,15,race,0.5,False
45028,16,hispanic_origin,0.5,False
45028,17,sex,0.5,False
45028,18,member_of_labor_union,0.5,False
45028,19,reason_for_unemployment,0.5,False
45028,20,full_or_part_time_employment_status,0.5,False
45028,21,tax_filer_status,0.5,False
45028,22,region_of_previous_residence,0.5,False
45028,23,state_of_previous_residence,0.5,False
45028,24,detailed_household_and_family_status,0.5,False
45028,25,detailed_household_summary,0.5,False
45028,26,migration_code_change_in_msa,0.5,False
45028,27,migration_code_change_in_region,0.5,False
45028,28,migration_code_move_within_region,0.5,False
45028,29,lived_in_house_one_year_ago,0.5,False
45028,30,migration_previous_residence_in_sunbelt,0.5,False
45028,31,family_members_under_18,0.5,False
45028,32,country_of_birth_father,0.5,False
45028,33,country_of_birth_mother,0.5,False
45028,34,country_of_birth_self,0.5,False
45028,35,citizenship,0.5,False
45028,36,own_business_or_self_employed,0.5,False
45028,37,veterans_questionnaire,0.5,False
45028,38,veterans_benefits,0.5,False
45028,39,year,0.5,False
45029,0,age,0.5,True
45029,1,wage_per_hour,0.5026137343021438,False
45029,2,capital_gains,0.5735226390141407,False
45029,3,capital_losses,0.5400595408126613,False
45029,4,dividends_from_stocks,0.5178133860523186,False
45029,5,persons_worked_for_employer,0.5,False
45029,6,weeks_worked_in_year,0.5,False
45029,7,class_of_worker,0.5,False
45029,8,industry_code,0.5,False
45029,9,occupation_code,0.5585951047559382,False
45029,10,education,0.5625514062535267,False
45029,11,enrolled_in_education_last_week,0.5,False
45029,12,marital_status,0.5,False
45029,13,major_industry_code,0.5,False
45029,14,major_occupation_code,0.5,False
45029,15,race,0.5,False
45029,16,hispanic_origin,0.5,False
45029,17,sex,0.5,False
45029,18,member_of_labor_union,0.5,False
45029,19,reason_for_unemployment,0.5,False
45029,20,full_or_part_time_employment_status,0.5,False
45029,21,tax_filer_status,0.5,False
45029,22,region_of_previous_residence,0.5,False
45029,23,state_of_previous_residence,0.5,False
45029,24,detailed_household_and_family_status,0.5,False
45029,25,detailed_household_summary,0.5,False
45029,26,migration_code_change_in_msa,0.5,False
45029,27,migration_code_change_in_region,0.5,False
45029,28,migration_code_move_within_region,0.5,False
45029,29,lived_in_house_one_year_ago,0.5,False
45029,30,migration_previous_residence_in_sunbelt,0.5,False
45029,31,family_members_under_18,0.5,False
45029,32,country_of_birth_father,0.5,False
45029,33,country_of_birth_mother,0.5,False
45029,34,country_of_birth_self,0.5,False
45029,35,citizenship,0.5,False
45029,36,own_business_or_self_employed,0.5,False
45029,37,veterans_questionnaire,0.5,False
45029,38,veterans_benefits,0.5,False
45029,39,year,0.5,False
45030,0,age,0.5,True
45030,1,wage_per_hour,0.5029491387897536,False
45030,2,capital_gains,0.5850059689386795,False
45030,3,capital_losses,0.5392795130393915,False
45030,4,dividends_from_stocks,0.5247270767466499,False
45030,5,persons_worked_for_employer,0.5,False
45030,6,weeks_worked_in_year,0.5,False
45030,7,class_of_worker,0.5,False
45030,8,industry_code,0.5,False
45030,9,occupation_code,0.5568747007473853,False
45030,10,education,0.5530752405794599,False
45030,11,enrolled_in_education_last_week,0.5,False
45030,12,marital_status,0.5,False
45030,13,major_industry_code,0.5,False
45030,14,major_occupation_code,0.5,False
45030,15,race,0.5,False
45030,16,hispanic_origin,0.5,False
45030,17,sex,0.5,False
45030,18,member_of_labor_union,0.5,False
45030,19,reason_for_unemployment,0.5,False
45030,20,full_or_part_time_employment_status,0.5,False
45030,21,tax_filer_status,0.5,False
45030,22,region_of_previous_residence,0.5,False
45030,23,state_of_previous_residence,0.5,False
45030,24,detailed_household_and_family_status,0.5,False
45030,25,detailed_household_summary,0.5,False
45030,26,migration_code_change_in_msa,0.5,False
45030,27,migration_code_change_in_region,0.5,False
45030,28,migration_code_move_within_region,0.5,False
45030,29,lived_in_house_one_year_ago,0.5,False
45030,30,migration_previous_residence_in_sunbelt,0.5,False
45030,31,family_members_under_18,0.5,False
45030,32,country_of_birth_father,0.5,False
45030,33,country_of_birth_mother,0.5,False
45030,34,country_of_birth_self,0.5,False
45030,35,citizenship,0.5,False
45030,36,own_business_or_self_employed,0.5,False
45030,37,veterans_questionnaire,0.5,False
45030,38,veterans_benefits,0.5,False
45030,39,year,0.5,False
