seed,arm,initial_lambda,validation_wba,test_wba,selected_features,postinitial_auc,logical_calls,physical_postinitial_calls,duplicate_logical_calls,mask
43001,chc_harmonized,,0.7111538105333697,0.7261559880051545,29,0.7063729987769368,400,350,1,1111111101110011011101010001110111110111
43001,lambda_initial_1,1,0.7226990504160127,0.7169673879844614,22,0.7133364109436594,400,350,124,0111111101100010110110111101001001000001
43001,lambda_initial_5,5,0.7057020524014744,0.7185195406356827,24,0.7047435236269339,400,350,97,1011111111001010011111110111001000100001
43001,lambda_initial_10,10,0.7113375673728104,0.7265578670357105,24,0.7080304258008598,400,350,91,1010111111100010111101011111100100010010
43001,lambda_initial_20,20,0.7141326398880515,0.7229520759856982,23,0.7061418876281481,400,350,104,0011111101110001110101101110001101000011
43001,lambda_initial_40,40,0.7125956111723168,0.718647939756271,30,0.7065742859917629,400,350,121,0111111101111110111111101111001101110001
43002,chc_harmonized,,0.7139770642641629,0.7157209368675589,31,0.7091939965879954,400,350,1,1111001111111110111111100010111010111111
43002,lambda_initial_1,1,0.720038721305086,0.7127559243808065,22,0.714236121622948,400,350,124,1111001111111011010010010001001110011000
43002,lambda_initial_5,5,0.7101455485593086,0.719269533003477,29,0.7095170357148176,400,350,101,1111111101111111101100100011010110111101
43002,lambda_initial_10,10,0.7120695386450536,0.7231397921295046,27,0.7092011990033081,400,350,91,1111111111100001110110010011111010011101
43002,lambda_initial_20,20,0.7127499420461898,0.7313251920105825,29,0.7077553128744186,400,350,92,1111111101101111111000010111011011101110
43002,lambda_initial_40,40,0.717834963319632,0.7178475709936053,30,0.7105409629155384,400,350,113,1111011111101011010111010110101110111111
43003,chc_harmonized,,0.7167125348552641,0.7180559496500563,31,0.7149944460184353,400,350,0,1111111101110111111011101111001110101011
43003,lambda_initial_1,1,0.7253825829642855,0.7156069597504225,33,0.7216140077557189,400,350,140,1111111101100110111111111111101101011111
43003,lambda_initial_5,5,0.721621697507303,0.7197765210002297,33,0.7197887690925159,400,350,90,1111111101110111011111101111101111011011
43003,lambda_initial_10,10,0.7222872090039452,0.7179600300497464,28,0.7183645022963208,400,350,90,1111111101110111011011001111101011011000
43003,lambda_initial_20,20,0.7226644647429665,0.7189215833893012,29,0.7196235756363014,400,350,74,1111111101100111111011101100100111011110
43003,lambda_initial_40,40,0.7155109420158631,0.7217447040334619,35,0.7141784551393239,400,350,124,1111111111101111011011111110101111111111
43004,chc_harmonized,,0.7181925832929754,0.7145212377073227,21,0.7146618678713393,400,350,0,0111110001100001010111010110111001100001
43004,lambda_initial_1,1,0.7184757322480169,0.7244157209090006,31,0.7176526447545819,400,350,108,0111111111101011110111111110111110101100
43004,lambda_initial_5,5,0.7204172120381629,0.722447562977472,28,0.7188575439703974,400,350,99,0111111111111001111111011101001111100000
43004,lambda_initial_10,10,0.7200430499476616,0.7269824155345322,32,0.7188540395999337,400,350,97,0111111111111011110101111111011111100101
43004,lambda_initial_20,20,0.7214557721056136,0.7245227594558923,32,0.7194019824737382,400,350,83,0111111111101011111111111101111110101001
43004,lambda_initial_40,40,0.7189314933267836,0.7233425169380777,34,0.7180160037518312,400,350,115,0111111111111011110111111111111110101101
43005,chc_harmonized,,0.7039060395835782,0.7220658563375506,29,0.7010371340574798,400,350,0,1010111111110110111101001101001111111101
43005,lambda_initial_1,1,0.7018721195292621,0.7176110186271709,30,0.7015308155242119,400,350,126,0110111101111101010110111011101111110111
43005,lambda_initial_5,5,0.7037607691152914,0.7165722727478976,27,0.7018470366246454,400,350,91,0110111101111111010010000111111111100110
43005,lambda_initial_10,10,0.7015782640688185,0.7185038137542326,32,0.7014598823735603,400,350,98,0110111101111110011110111111111111110101
43005,lambda_initial_20,20,0.7001819264436935,0.7173726168562211,30,0.6992609128386634,400,350,92,0110111101111111011110111101011111110010
43005,lambda_initial_40,40,0.7012351175661642,0.7158083820163901,32,0.7005952565879789,400,350,123,0110111101111101011110111011111111110111
43006,chc_harmonized,,0.7068238420861933,0.7197387025339869,28,0.7050316524787696,400,350,1,1111111001101000111111110111100111010011
43006,lambda_initial_1,1,0.7129655104676237,0.7077116483416898,31,0.7070282182945837,400,350,112,1110110101101101011101111111111111111010
43006,lambda_initial_5,5,0.7124314694719147,0.7201409949160602,25,0.7093106412582186,400,350,100,0111110101101101111111001011011110010000
43006,lambda_initial_10,10,0.7154594405466195,0.7139991803773054,22,0.7078827311301678,400,350,94,1010110101101100111011000100001110010111
43006,lambda_initial_20,20,0.7086448486354969,0.7178029078954766,24,0.7066814699920289,400,350,90,1110110101110111110101000110000011100111
43006,lambda_initial_40,40,0.7076364762438836,0.7061641235435732,31,0.7054670307952479,400,350,123,1110110101111111011111011111111010110011
43007,chc_harmonized,,0.7024080771326489,0.7249392517611019,26,0.6987633397661983,400,350,2,0111111001111011111011111001001010010101
43007,lambda_initial_1,1,0.7051258835376473,0.7292562937543192,25,0.7014863283308351,400,350,140,1011111111101101110001011000011011100110
43007,lambda_initial_5,5,0.7068070706990915,0.7271719792765203,27,0.7042255536894424,400,350,134,1011111111111101110010010011101011011100
43007,lambda_initial_10,10,0.7088667540241119,0.7204852750829074,27,0.7030919280894541,400,350,100,1011111011101101011101011011011101110010
43007,lambda_initial_20,20,0.7073131322337485,0.7227746643017894,36,0.7019669679205193,400,350,82,1111111111111111111110110011101111111111
43007,lambda_initial_40,40,0.7018017314660834,0.7282629612439249,33,0.6992153031717617,400,350,127,1111111011111111111111110011010111100111
43008,chc_harmonized,,0.7107521086136477,0.7167067565130636,24,0.7059681269053538,400,350,0,0111111101000001011001110111100110110110
43008,lambda_initial_1,1,0.7109392645614304,0.7197217408318198,26,0.7077785813480971,400,350,120,1111101111000011111010011111100111110000
43008,lambda_initial_5,5,0.7048536603898716,0.7123681758842086,29,0.7047099174177229,400,350,111,1111100111010111110100101111110111110101
43008,lambda_initial_10,10,0.7080463300454243,0.7104128078192011,22,0.7043673525692281,400,350,97,0111110001001101011110101001001110100101
43008,lambda_initial_20,20,0.7129927984986302,0.7129342568029031,24,0.7086411080337399,400,350,82,0111110101011010110110010110111010101001
43008,lambda_initial_40,40,0.7037360762229528,0.7192063518858687,32,0.7029916575567388,400,350,138,1111110011010111110110111111110111111101
43009,chc_harmonized,,0.7039139049339949,0.7221942035562795,21,0.7018795193545461,400,350,0,0111111011110011011010001011000100000110
43009,lambda_initial_1,1,0.7118802969620761,0.7252227309735619,26,0.7073232194327672,400,350,121,1111111001111111111000001001110011100101
43009,lambda_initial_5,5,0.7081012340995455,0.7254153869617908,31,0.7050848624818153,400,350,86,1111111001111111011100101111110101110111
43009,lambda_initial_10,10,0.7128759020997896,0.725309882482925,23,0.7089091971509732,400,350,117,1111111001101111011000101010110000000111
43009,lambda_initial_20,20,0.707316826154232,0.7226710770583848,28,0.7043665300981315,400,350,75,1110111101101111111100101111010011100011
43009,lambda_initial_40,40,0.7080221422597106,0.7265906403692945,31,0.7043442847226344,400,350,114,1111111001111111111101111101101001110101
43010,chc_harmonized,,0.7156505787008647,0.7240851907143115,24,0.7109892489539119,400,350,2,0011101111101110110100110000110000111111
43010,lambda_initial_1,1,0.724553257245812,0.7202528510004769,28,0.7204441459603033,400,350,132,0111111011111101110100001110001101111111
43010,lambda_initial_5,5,0.7192710027102971,0.7178043133523694,24,0.7126116046472919,400,350,101,0111101111100010110011011100101001101101
43010,lambda_initial_10,10,0.7266096555277162,0.721908641434459,24,0.7195986896719448,400,350,90,0111101111110101010101111110101100000100
43010,lambda_initial_20,20,0.7214998932197836,0.7188660568808325,27,0.7148109248796752,400,350,70,0011101111101010110111111101110100101110
43010,lambda_initial_40,40,0.7126446419719541,0.7273311327740195,37,0.7104189888121893,400,350,127,1111111111111111111111111111011001111111
43011,chc_harmonized,,0.699685209445509,0.7212742760891557,33,0.6995116743900633,400,350,1,0011111011111111110111111011111110111101
43011,lambda_initial_1,1,0.6996104928437452,0.7227813801089146,32,0.6995043226669699,400,350,124,1111101101111101011111110110111111101110
43011,lambda_initial_5,5,0.6981954236952498,0.7227841230633755,29,0.6981784984337889,400,350,115,1111101101111101011101110100111110111001
43011,lambda_initial_10,10,0.6986207547242975,0.7242236456284336,29,0.6985008615660999,400,350,95,1111101101110101011101110110111110111001
43011,lambda_initial_20,20,0.6994374980742841,0.7187226769368587,30,0.6992823644349866,400,350,97,1111101101111100011101110110111111111001
43011,lambda_initial_40,40,0.6994534414761173,0.7190967428038231,30,0.6991538161889415,400,350,135,1111101101101101011101110110111111111001
43012,chc_harmonized,,0.7087642477281176,0.7248918792172452,29,0.7034587252484793,400,350,2,1111111011110011111111110010011101100101
43012,lambda_initial_1,1,0.7051945659617119,0.7179050750540512,25,0.7034789163910234,400,350,125,0111111011110110111100011110100110010001
43012,lambda_initial_5,5,0.712498452709857,0.7196464012210455,25,0.7077032053219982,400,350,110,1011101101110010110101111110111100000101
43012,lambda_initial_10,10,0.7069321906904158,0.7159253058639701,26,0.7039766333475829,400,350,78,0111101111111010011101011110101101001001
43012,lambda_initial_20,20,0.715819848316615,0.7220889914570205,21,0.709913509115001,400,350,88,1011111101110000111110110100010000000110
43012,lambda_initial_40,40,0.7086125121773144,0.7179028838855874,28,0.7044952039798565,400,350,127,0111101111101010111100111111101101001101
43013,chc_harmonized,,0.714400991903105,0.7318213215769962,27,0.7131846685741503,400,350,2,1111111111111001110101111011100000101010
43013,lambda_initial_1,1,0.7163554990912864,0.731960503856649,35,0.7149719356359415,400,350,104,1111111111111110011011111110111111110111
43013,lambda_initial_5,5,0.719410162883228,0.7257679719078591,25,0.7158575750401814,400,350,104,1111111111111011010011110001000101010100
43013,lambda_initial_10,10,0.7115516419978547,0.7331784787776403,39,0.7115516419978547,400,350,108,1111111111111111111011111111111111111111
43013,lambda_initial_20,20,0.715404726913397,0.7313303292708192,35,0.712050251026305,400,350,101,1111111111111111011011110111111111110011
43013,lambda_initial_40,40,0.7116656159938181,0.7340280533816302,37,0.7115552240377279,400,350,277,1111111111111111111011111011111111110111
43014,chc_harmonized,,0.706599796054079,0.7189365563262793,31,0.7026282107213319,400,350,0,0111111111101011011110011110101111011111
43014,lambda_initial_1,1,0.7054202264774906,0.7247524672903618,32,0.7043877964365038,400,350,118,1111111001111110011100110110111111111111
43014,lambda_initial_5,5,0.7115782722998724,0.7186723237791072,30,0.7084967329201126,400,350,85,0111111111111010011110011010101110111111
43014,lambda_initial_10,10,0.7038378004359076,0.7256525234005726,30,0.7014427571182991,400,350,95,1111111011111111011110010100100111101111
43014,lambda_initial_20,20,0.7026453101787971,0.7237185650294152,32,0.7004741935007125,400,350,86,1111111011111110011110011110111111101011
43014,lambda_initial_40,40,0.7083424268981724,0.7256074058082487,34,0.7038630628262341,400,350,134,1111111011111011011111111111111110111100
43015,chc_harmonized,,0.7099827265151952,0.7167579897293196,33,0.7060935295661128,400,350,0,1111111111111110011101011111111001111110
43015,lambda_initial_1,1,0.7116323673067801,0.7178075035921563,30,0.7093935350367031,400,350,127,1111111111001110111111101101111101101000
43015,lambda_initial_5,5,0.7132970644249623,0.719559605816151,28,0.7098239188345417,400,350,105,1111111011001010111101111011110001111001
43015,lambda_initial_10,10,0.7130353893330289,0.7197483302260014,28,0.7087148313976959,400,350,85,1011101111111110010101111011011101101001
43015,lambda_initial_20,20,0.7097353124351474,0.7221798403634783,27,0.7051755816591697,400,350,77,1111111111110010011101111110110000100011
43015,lambda_initial_40,40,0.7084597333581641,0.7261961434586647,32,0.704702164736734,400,350,109,1111111111010011011101111011111101101111
43016,chc_harmonized,,0.710826953804157,0.7204914267691154,29,0.7060879205287592,400,350,2,0111111111101011011111100011110110111010
43016,lambda_initial_1,1,0.7102953308448577,0.7199644560115824,35,0.7090725421506352,400,350,130,1111111101110111111111100111111111011111
43016,lambda_initial_5,5,0.7089130059473843,0.7268356651106522,30,0.7058282005871751,400,350,118,1011111111100110111111110110011011110110
43016,lambda_initial_10,10,0.7154702217503381,0.7224884946821958,27,0.7119208211373378,400,350,114,1011111111100000111101010101111010110111
43016,lambda_initial_20,20,0.7109853157788498,0.7225364773775564,28,0.7066208560382671,400,350,78,1011101111110111011111011101111101000100
43016,lambda_initial_40,40,0.7050315062815387,0.71884911333774,38,0.7044584444975646,400,350,155,0111111101111111111111111111111111111111
43017,chc_harmonized,,0.7133995425048995,0.7192102219656296,34,0.7080091155352105,400,350,0,1111110101111110011111011111111111101111
43017,lambda_initial_1,1,0.7158793984896983,0.7196366217323825,27,0.7135419093362074,400,350,133,1110111111101011110110110011001001101110
43017,lambda_initial_5,5,0.7169682920188615,0.7210650375216574,22,0.7136375673443341,400,350,109,1111110101100010010001010011000101011111
43017,lambda_initial_10,10,0.7136330217929934,0.719908046357007,28,0.7110636550536028,400,350,101,1110111101110110111101110001111101011010
43017,lambda_initial_20,20,0.7160042190364805,0.7219047926784045,27,0.7087431807009654,400,350,88,1011110101111011110111110011100100111010
43017,lambda_initial_40,40,0.7146445855954269,0.7241579553440666,33,0.7118719622873955,400,350,125,1011111111101011110111110011110111111111
43018,chc_harmonized,,0.7156292915357537,0.7215329606998926,27,0.7115631719453124,400,350,0,0111111011101101110010100001101110111111
43018,lambda_initial_1,1,0.7230483167248551,0.7238209456270349,22,0.7205963034538991,400,350,119,0111111011101101110111100100110000000001
43018,lambda_initial_5,5,0.7191002191408443,0.7253036839188416,23,0.7172856529584006,400,350,98,0111111011101100010100000101101110010111
43018,lambda_initial_10,10,0.7193389768369306,0.7169826450846094,26,0.7186691849096429,400,350,109,0111111111001100010111100111110100001111
43018,lambda_initial_20,20,0.7194151270319824,0.7267565115712129,29,0.7176869764751405,400,350,88,0111111011111101110111101111101010010101
43018,lambda_initial_40,40,0.7172573748893539,0.7244003931742629,29,0.7158258600503888,400,350,138,0111111111101101010111100101111110010111
43019,chc_harmonized,,0.701488605226876,0.7109155962419568,31,0.6986108504409961,400,350,2,0111011111101111010011101101011111111111
43019,lambda_initial_1,1,0.7012130522968852,0.7272347045376204,33,0.6997309287912438,400,350,124,1111111111110111011011111111010111110011
43019,lambda_initial_5,5,0.7089090195779799,0.7221446338154132,24,0.7065180968343404,400,350,110,0111111111111000111000011111101010000010
43019,lambda_initial_10,10,0.7062773892476014,0.7145631246755543,21,0.7006220712108696,400,350,89,0011101011111100011101110000111010100000
43019,lambda_initial_20,20,0.7040254249206572,0.7219131846853873,28,0.7001955118739454,400,350,99,0111111011111001111110111100110110000111
43019,lambda_initial_40,40,0.701157144932786,0.7236836892913598,32,0.696617375729476,400,350,126,1111111111110110011011110111111000111111
43020,chc_harmonized,,0.7114090678879953,0.7194153661919043,34,0.7100026486952199,400,350,2,1111111111101010111111111111011011111101
43020,lambda_initial_1,1,0.7133450483199311,0.724032084346096,36,0.7116376196975335,400,350,121,1111111111111111110001111111111111110111
43020,lambda_initial_5,5,0.7158311988061441,0.7237328111775719,30,0.7127947916643198,400,350,98,1111111111111011010011011011011011110110
43020,lambda_initial_10,10,0.71616957318744,0.723947902517857,38,0.7143186571037121,400,350,109,1111111111111011111111111111111111110111
43020,lambda_initial_20,20,0.7147874471844247,0.7223689634046726,35,0.7121777289867046,400,350,86,1111111111111111111111111011111111100010
43020,lambda_initial_40,40,0.7121246160866532,0.723510282832505,34,0.7108124016968238,400,350,122,1111111111111011011101011111111110110111
43021,chc_harmonized,,0.7179872513991667,0.7169757577418155,25,0.7120788022927672,400,350,0,0111101101101011110010111100110011011100
43021,lambda_initial_1,1,0.7134149731515012,0.7236694543844812,29,0.7117553848772442,400,350,110,1111111101110011111110101110101011010101
43021,lambda_initial_5,5,0.7154180018390834,0.7220693777272635,28,0.7130835813812084,400,350,103,1111110011110010111101110111110010111100
43021,lambda_initial_10,10,0.7138776512824538,0.7271528867502528,29,0.7135724335398851,400,350,99,1011111111100010111011111111010010101111
43021,lambda_initial_20,20,0.7243301887362628,0.7231615556113058,22,0.7187867591886429,400,350,94,0111111101101000111010011001001110010001
43021,lambda_initial_40,40,0.7203191368893896,0.7227524535036304,27,0.7134433858963417,400,350,105,0111111101111010111011111100101001110100
43022,chc_harmonized,,0.7138281759809382,0.7227051683189842,28,0.7076052611027489,400,350,0,1111111101101101010010110011001111111110
43022,lambda_initial_1,1,0.7182678415425059,0.7155220963053901,30,0.7125941520418044,400,350,119,1111101011101101011111110010011111111011
43022,lambda_initial_5,5,0.7182087499758634,0.7190210600735604,24,0.7155116880771544,400,350,120,1011101011111111011111100000010010011100
43022,lambda_initial_10,10,0.7177978417572016,0.7176526693968838,26,0.7161614420409006,400,350,119,1011101011101111110111010001011111001001
43022,lambda_initial_20,20,0.7169764205002978,0.7210140291833607,25,0.7136574162889769,400,350,99,1011101101100111111111010000001101001111
43022,lambda_initial_40,40,0.7172201896026833,0.7198903992076877,28,0.7134188034203264,400,350,123,1011101101101011011101011000111111011111
43023,chc_harmonized,,0.7153694043040455,0.7224296797424423,26,0.7124658686103139,400,350,0,1111101011100001111011100111001111000111
43023,lambda_initial_1,1,0.7155122960869211,0.7291168791003061,31,0.7147456582151247,400,350,128,1111111111111111111011000011111110001011
43023,lambda_initial_5,5,0.7198889917126576,0.7290602292638781,29,0.7180048331775475,400,350,100,1111111101101110011110111111111100001010
43023,lambda_initial_10,10,0.7203460434421256,0.7277451016304215,30,0.7181423120810353,400,350,94,1011111111100110111101010011111110111011
43023,lambda_initial_20,20,0.7147059190926142,0.7256401247076395,33,0.7128527006660255,400,350,85,1111111111111011111111010100110011111111
43023,lambda_initial_40,40,0.7147111396693687,0.7271991068846767,37,0.7134994134708422,400,350,139,1111111111110101111111110111111111111111
43024,chc_harmonized,,0.7119971954753801,0.7185965649873963,34,0.7087894715323465,400,350,0,1110111111111101111110111111111101100111
43024,lambda_initial_1,1,0.7198380949668116,0.7215953796775172,26,0.7168451865749951,400,350,108,1110111111101000111100111001000111101011
43024,lambda_initial_5,5,0.7174537086151163,0.7215166409702441,31,0.7130634718423617,400,350,101,1110111111111101110111111110111100001101
43024,lambda_initial_10,10,0.7213134273589188,0.7190605402062593,26,0.7171526529006903,400,350,98,1110111111111000011100001010011111100111
43024,lambda_initial_20,20,0.7131019999675213,0.7197402895540363,33,0.7118034199987177,400,350,100,1110111111101101110111111101011111101111
43024,lambda_initial_40,40,0.7134506245273248,0.7257941205193528,35,0.710465833267546,400,350,118,1111111111111011111111111100111101101111
43025,chc_harmonized,,0.7129803212634749,0.7278069686287056,29,0.7089219023116556,400,350,3,0111111101110111110111101100111111110000
43025,lambda_initial_1,1,0.718025146041497,0.7260840519671676,30,0.7169084180839953,400,350,132,1111111001111011111111101100101110010111
43025,lambda_initial_5,5,0.7139604300890385,0.7210238277746869,36,0.7136247015161988,400,350,101,0111111111110111111011110111111111111111
43025,lambda_initial_10,10,0.717054648482581,0.7274894296788678,36,0.7148841839444804,400,350,89,1111111011101011110111111111111111111111
43025,lambda_initial_20,20,0.7167176143627427,0.7207379190635559,32,0.713650241356277,400,350,98,0111111111101111011111111111011000111011
43025,lambda_initial_40,40,0.7108376843940342,0.7282214036617292,38,0.7101908793223781,400,350,143,1111111111111111111111101111111111110111
43026,chc_harmonized,,0.7107958418833153,0.7187119518121214,33,0.7041841274372789,400,350,0,1111101011111010111110111110111101111111
43026,lambda_initial_1,1,0.7092534831947579,0.7257343754802934,29,0.7057219659383293,400,350,124,1111111011111110111000111101110010111100
43026,lambda_initial_5,5,0.7064091213865754,0.719212586213367,30,0.7054920863564985,400,350,111,1110111111111110110011110111010001111101
43026,lambda_initial_10,10,0.70930407629801,0.7136370779664853,27,0.7089615496680921,400,350,105,1111100011110011111101110011010011011101
43026,lambda_initial_20,20,0.7051659131105101,0.7226428811105865,26,0.7034261568160688,400,350,84,1111111011111100111010110110110011000001
43026,lambda_initial_40,40,0.7022774354408778,0.720744343948049,28,0.7012729567175021,400,350,119,1111110011110110011110010110010111111101
43027,chc_harmonized,,0.7096948193289516,0.7134863034887063,26,0.7048075431294867,400,350,0,0011101011110111110010011101011101011110
43027,lambda_initial_1,1,0.711554319502479,0.7202549367070983,31,0.7092873633336662,400,350,121,0111111011111011111111111101001000111111
43027,lambda_initial_5,5,0.7108518784316971,0.715684327715687,27,0.7095546170699844,400,350,117,0111101011100011111111111111100001100011
43027,lambda_initial_10,10,0.7114915460277808,0.7203882958737854,34,0.7105263298515061,400,350,97,0111111111111011111011111111101101011111
43027,lambda_initial_20,20,0.7087736823913108,0.7182460693568711,35,0.7077221383262695,400,350,92,0111111011111011011111111111111110111111
43027,lambda_initial_40,40,0.7058784647810841,0.7206125725546773,36,0.7016089505223144,400,350,129,0111111111111101111110111011111111111111
43028,chc_harmonized,,0.7063537533255904,0.7149594229877443,30,0.7041774553775859,400,350,0,0111111111011111111110111011101001000111
43028,lambda_initial_1,1,0.7037535860071058,0.719056436047662,34,0.7036945658287068,400,350,110,1111110011111101011110111110111111111111
43028,lambda_initial_5,5,0.7111375401343146,0.7236920258411079,25,0.709073109604023,400,350,102,1111111001101011010011101101010100100111
43028,lambda_initial_10,10,0.7044870849408409,0.7208522877268362,37,0.7040453229538572,400,350,93,1111111111111101110111111111111011111111
43028,lambda_initial_20,20,0.7103730205123413,0.7218392080149636,24,0.7061651452330282,400,350,93,1111111001111000011111000010011101011010
43028,lambda_initial_40,40,0.7036317679109645,0.719667104743854,37,0.7033414335025366,400,350,129,1111111111111101011111111110111111111111
43029,chc_harmonized,,0.7234282271879011,0.7062059400893692,18,0.7216024136921463,400,350,1,0111011100110011110001010011000000000110
43029,lambda_initial_1,1,0.7193242693892927,0.7297888383881793,27,0.7185862085518437,400,350,136,1011111001111100110101111011111001101100
43029,lambda_initial_5,5,0.7205629319843192,0.7257700960108351,27,0.7194017230964184,400,350,107,1011111001110100010011001101111101111111
43029,lambda_initial_10,10,0.721165561696846,0.7188253749812484,29,0.7180071136426703,400,350,97,1011111001111100111110101111011110101011
43029,lambda_initial_20,20,0.720161082297947,0.7279648661846867,28,0.7195033443514427,400,350,100,1011111001101100110111011011111101101101
43029,lambda_initial_40,40,0.7192464113396694,0.7223781614357525,26,0.7175234502539555,400,350,129,1111111001101100110110011011111101001100
43030,chc_harmonized,,0.7130067360377131,0.7133986695614281,28,0.7074907074314631,400,350,0,1011011111111111011011100100010110111110
43030,lambda_initial_1,1,0.7124781240848581,0.715435333078728,30,0.7096738318217762,400,350,99,1011011111110111110110111010110111011101
43030,lambda_initial_5,5,0.7108219894000253,0.7192520667442683,26,0.7094495182246615,400,350,103,1011011111111111111111000000010100110101
43030,lambda_initial_10,10,0.7101073487986524,0.7163348625079945,27,0.7058395338987931,400,350,88,1011011111111111010110010010111011011001
43030,lambda_initial_20,20,0.7105719961609464,0.7144027184794604,26,0.7068551553644988,400,350,81,1011011111111111011011110000010110001101
43030,lambda_initial_40,40,0.7118709487187518,0.7195076554961739,30,0.7080666590649042,400,350,122,1011011111101111111110011001010111111101
