family,arm,reference,endpoint,estimate,ci_low,ci_high,confidence_level,unavailable_reason
primary,lambda_initial_5,lambda_initial_1,postinitial_auc,-0.000182632667426752,-0.001898235892526444,0.0013172929973405071,0.9875,
primary,lambda_initial_10,lambda_initial_1,postinitial_auc,-0.000357503392716485,-0.0015350982533807918,0.0007267235901123248,0.9875,
primary,lambda_initial_20,lambda_initial_1,postinitial_auc,-0.0014388578351781053,-0.0027843482855051454,0.00023603527401627327,0.9875,
primary,lambda_initial_40,lambda_initial_1,postinitial_auc,-0.0030009842639018734,-0.004442072946154919,-0.001786630159319075,0.9875,
secondary,lambda_initial_1,chc_harmonized,test_wba,0.0020322568011602554,-0.0012231524362398515,0.0062317539110775646,0.995,
secondary,lambda_initial_5,chc_harmonized,test_wba,0.0018864226869895714,-0.0008587508521734305,0.005254647952962269,0.995,
secondary,lambda_initial_10,chc_harmonized,test_wba,0.0015436211273602138,-0.0011836289725768838,0.004437955862424301,0.995,
secondary,lambda_initial_20,chc_harmonized,test_wba,0.002478169628859324,-0.0001246171085237885,0.006463029864294095,0.995,
secondary,lambda_initial_40,chc_harmonized,test_wba,0.002814607100512142,-0.0005864553333020087,0.00563759990720996,0.995,
secondary,lambda_initial_1,chc_harmonized,postinitial_auc,0.003279754649915271,0.0018052402128050172,0.004910863287257559,0.995,
secondary,lambda_initial_5,chc_harmonized,postinitial_auc,0.0030971219824885193,0.0015981271297816004,0.004386550122024146,0.995,
secondary,lambda_initial_10,chc_harmonized,postinitial_auc,0.002922251257198786,0.001223803593876341,0.004631682818334359,0.995,
secondary,lambda_initial_20,chc_harmonized,postinitial_auc,0.0018408968147371658,0.0005592259679366118,0.0032893177068519753,0.995,
secondary,lambda_initial_40,chc_harmonized,postinitial_auc,0.0002787703860133976,-0.0008280377426047985,0.0014809343772936774,0.995,
