seed_id,seed,python_rng,matlab_octave_rng,scope
S00,0,NumPy-PCG64,twister,every_experiment_matrix_config
S01,1,NumPy-PCG64,twister,every_experiment_matrix_config
S02,2,NumPy-PCG64,twister,every_experiment_matrix_config
S03,3,NumPy-PCG64,twister,every_experiment_matrix_config
S04,4,NumPy-PCG64,twister,every_experiment_matrix_config
S05,5,NumPy-PCG64,twister,every_experiment_matrix_config
S06,6,NumPy-PCG64,twister,every_experiment_matrix_config
S07,7,NumPy-PCG64,twister,every_experiment_matrix_config
S08,8,NumPy-PCG64,twister,every_experiment_matrix_config
S09,9,NumPy-PCG64,twister,every_experiment_matrix_config
S10,10,NumPy-PCG64,twister,every_experiment_matrix_config
S11,11,NumPy-PCG64,twister,every_experiment_matrix_config
S12,12,NumPy-PCG64,twister,every_experiment_matrix_config
S13,13,NumPy-PCG64,twister,every_experiment_matrix_config
S14,14,NumPy-PCG64,twister,every_experiment_matrix_config
S15,15,NumPy-PCG64,twister,every_experiment_matrix_config
S16,16,NumPy-PCG64,twister,every_experiment_matrix_config
S17,17,NumPy-PCG64,twister,every_experiment_matrix_config
S18,18,NumPy-PCG64,twister,every_experiment_matrix_config
S19,19,NumPy-PCG64,twister,every_experiment_matrix_config
S20,20,NumPy-PCG64,twister,every_experiment_matrix_config
S21,21,NumPy-PCG64,twister,every_experiment_matrix_config
S22,22,NumPy-PCG64,twister,every_experiment_matrix_config
S23,23,NumPy-PCG64,twister,every_experiment_matrix_config
S24,24,NumPy-PCG64,twister,every_experiment_matrix_config
S25,25,NumPy-PCG64,twister,every_experiment_matrix_config
S26,26,NumPy-PCG64,twister,every_experiment_matrix_config
S27,27,NumPy-PCG64,twister,every_experiment_matrix_config
S28,28,NumPy-PCG64,twister,every_experiment_matrix_config
S29,29,NumPy-PCG64,twister,every_experiment_matrix_config
S30,30,NumPy-PCG64,twister,every_experiment_matrix_config
S31,31,NumPy-PCG64,twister,every_experiment_matrix_config
S32,32,NumPy-PCG64,twister,every_experiment_matrix_config
S33,33,NumPy-PCG64,twister,every_experiment_matrix_config
S34,34,NumPy-PCG64,twister,every_experiment_matrix_config
S35,35,NumPy-PCG64,twister,every_experiment_matrix_config
S36,36,NumPy-PCG64,twister,every_experiment_matrix_config
S37,37,NumPy-PCG64,twister,every_experiment_matrix_config
S38,38,NumPy-PCG64,twister,every_experiment_matrix_config
S39,39,NumPy-PCG64,twister,every_experiment_matrix_config
