instance_id,class,family,capacity,greedy_profit,center_profit,center_weight,exact_optimum,locality,neighbor_count,status,technically_complete
UC-s000,UC,s000,22545,46365,46510,22487,46537,strict,5050,ADMITTED_STRICT_LOCAL,True
UC-s001,UC,s001,22714,41049,41049,22689,41049,strict,5050,EXCLUDED_GLOBAL_CENTER,True
UC-s002,UC,s002,21618,45500,45500,21613,45504,strict,5050,ADMITTED_STRICT_LOCAL,True
UC-s003,UC,s003,24044,43419,43419,24025,43435,strict,5050,ADMITTED_STRICT_LOCAL,True
UC-s004,UC,s004,25547,38782,38810,25534,38846,strict,5050,ADMITTED_STRICT_LOCAL,True
UC-s005,UC,s005,28462,42195,42224,28455,42224,strict,5050,EXCLUDED_GLOBAL_CENTER,True
UC-s006,UC,s006,25981,41490,41490,25946,41490,strict,5050,EXCLUDED_GLOBAL_CENTER,True
UC-s007,UC,s007,23032,38237,38296,23023,38296,strict,5050,EXCLUDED_GLOBAL_CENTER,True
UC-s008,UC,s008,25751,37133,37171,25730,37171,strict,5050,EXCLUDED_GLOBAL_CENTER,True
UC-s009,UC,s009,24281,36410,36410,24207,36459,strict,5050,ADMITTED_STRICT_LOCAL,True
WC-s000,WC,s000,29017,31012,31064,29013,31064,strict,5050,EXCLUDED_GLOBAL_CENTER,True
WC-s001,WC,s001,25391,27565,27585,25388,27624,strict,5050,ADMITTED_STRICT_LOCAL,True
WC-s002,WC,s002,27381,29301,29301,27376,29321,strict,5050,ADMITTED_STRICT_LOCAL,True
WC-s003,WC,s003,26811,29023,29073,26809,29073,strict,5050,EXCLUDED_GLOBAL_CENTER,True
WC-s004,WC,s004,23881,26911,26940,23868,26954,strict,5050,ADMITTED_STRICT_LOCAL,True
WC-s005,WC,s005,24642,27902,27925,24631,27933,strict,5050,ADMITTED_STRICT_LOCAL,True
WC-s006,WC,s006,25372,28320,28320,25362,28351,strict,5050,ADMITTED_STRICT_LOCAL,True
WC-s007,WC,s007,23305,25729,25747,23301,25754,strict,5050,ADMITTED_STRICT_LOCAL,True
WC-s008,WC,s008,22807,25525,25525,22798,25571,strict,5050,ADMITTED_STRICT_LOCAL,True
WC-s009,WC,s009,22323,24853,24876,22321,24885,strict,5050,ADMITTED_STRICT_LOCAL,True
SC-s000,SC,s000,29017,35372,35617,29017,35617,strict,5050,EXCLUDED_GLOBAL_CENTER,True
SC-s001,SC,s001,25391,31928,32291,25391,32291,strict,5050,EXCLUDED_GLOBAL_CENTER,True
SC-s002,SC,s002,27381,33955,34181,27381,34181,strict,5050,EXCLUDED_GLOBAL_CENTER,True
SC-s003,SC,s003,26811,33394,33711,26811,33711,strict,5050,EXCLUDED_GLOBAL_CENTER,True
SC-s004,SC,s004,23881,30287,30981,23881,30981,strict,5050,EXCLUDED_GLOBAL_CENTER,True
SC-s005,SC,s005,24642,31785,31841,24641,31842,plateau,5050,ADMITTED_PLATEAU_LOCAL,True
SC-s006,SC,s006,25372,32045,32272,25372,32272,plateau,5050,EXCLUDED_GLOBAL_CENTER,True
SC-s007,SC,s007,23305,30199,30405,23305,30405,strict,5050,EXCLUDED_GLOBAL_CENTER,True
SC-s008,SC,s008,22807,29609,30007,22807,30007,strict,5050,EXCLUDED_GLOBAL_CENTER,True
SC-s009,SC,s009,22323,29184,29523,22323,29523,strict,5050,EXCLUDED_GLOBAL_CENTER,True
