seed,arm,validation_wba,test_wba,selected_features,objective_calls,bsf_auc
42001,chc_harmonized,0.7108741198795916,0.7215119427549663,27,400,0.7058718723889319
42001,lambda_adaptive,0.7145429255134108,0.7232517649070694,28,400,0.7096769957525207
42001,lambda_fixed1,0.7051146185136575,0.7195269653350808,37,400,0.7046834375026695
42001,full40,0.7016369269661861,0.721342133532757,40,1,
42002,chc_harmonized,0.7119945358544414,0.7277176776582692,27,400,0.7065197028399534
42002,lambda_adaptive,0.7136786514240663,0.7212425021762574,25,400,0.7099792226256381
42002,lambda_fixed1,0.7137148192030015,0.7227449242969779,26,400,0.711310714449693
42002,full40,0.6920213401855967,0.7336420306622775,40,1,
42003,chc_harmonized,0.7098539089769572,0.7247774834432651,23,400,0.7055547145772924
42003,lambda_adaptive,0.7144071478498798,0.7206967886284837,18,400,0.7073771070997913
42003,lambda_fixed1,0.7161317448489972,0.7197405183518677,20,400,0.7127763294971394
42003,full40,0.6949590442407635,0.725574838425465,40,1,
42004,chc_harmonized,0.7149026018620871,0.7213038145277108,26,400,0.709322433776301
42004,lambda_adaptive,0.7094953344798823,0.7077327260453997,24,400,0.7078567181999972
42004,lambda_fixed1,0.7097500412263115,0.719699626770882,29,400,0.7072025244075408
42004,full40,0.6993999103583209,0.7233046303996048,40,1,
42005,chc_harmonized,0.7043864074982509,0.7195509358154628,36,400,0.6979415337286246
42005,lambda_adaptive,0.6979802297300961,0.7001008448699348,25,400,0.6969639350519057
42005,lambda_fixed1,0.6995471819861985,0.7002576867388804,24,400,0.6979406928378207
42005,full40,0.6812839342326459,0.7207910845533112,40,1,
42006,chc_harmonized,0.7095777634649441,0.7109353945967647,27,400,0.701588648603305
42006,lambda_adaptive,0.7156413877198309,0.7006195015552357,21,400,0.7065747711483933
42006,lambda_fixed1,0.7056559571097683,0.7225231024223425,23,400,0.7038887986128424
42006,full40,0.6891325963150066,0.7212122848911395,40,1,
42007,chc_harmonized,0.7155360752006027,0.7252269544232411,28,400,0.7078077014153088
42007,lambda_adaptive,0.7092619658445096,0.7225979398599692,30,400,0.7059576801665212
42007,lambda_fixed1,0.7056478854427111,0.7232308268169838,31,400,0.7039567357981098
42007,full40,0.6986949062179225,0.7250450915227759,40,1,
42008,chc_harmonized,0.7073725792149408,0.7190181576165638,22,400,0.7008804446147552
42008,lambda_adaptive,0.7081562284339381,0.7208063176252208,30,400,0.7036754393580524
42008,lambda_fixed1,0.7041214935636122,0.7214294021382137,28,400,0.7018995368109823
42008,full40,0.6901049934571488,0.7270856617131564,40,1,
42009,chc_harmonized,0.7108917290612012,0.7208607183789107,23,400,0.7050721513452284
42009,lambda_adaptive,0.7153287633509836,0.7165533623795087,21,400,0.7109897538681572
42009,lambda_fixed1,0.7110773614257488,0.7243639534755715,27,400,0.7079155668610047
42009,full40,0.687248813315623,0.7249611423786593,40,1,
42010,chc_harmonized,0.7203630815585971,0.7270492676464732,31,400,0.7150218389652646
42010,lambda_adaptive,0.7170493921191101,0.7308759725385876,33,400,0.7143348078223741
42010,lambda_fixed1,0.7239318966275674,0.7192410861415535,31,400,0.7177609514740477
42010,full40,0.7067797185770728,0.731119709250603,40,1,
42011,chc_harmonized,0.7101319334634499,0.7073700149928127,18,400,0.708385758225133
42011,lambda_adaptive,0.7130079602198794,0.7073628098782291,20,400,0.7106654273915614
42011,lambda_fixed1,0.7125952264391111,0.706856219593138,19,400,0.7103004097780595
42011,full40,0.6940467868507358,0.7191572248301432,40,1,
42012,chc_harmonized,0.7133700368305042,0.7226703310357412,26,400,0.7077363488086532
42012,lambda_adaptive,0.7129112474720001,0.7185813716889903,18,400,0.7073952712034217
42012,lambda_fixed1,0.7071937715821842,0.720017511058425,21,400,0.7011268015036236
42012,full40,0.6854468211865942,0.7211124950619188,40,1,
42013,chc_harmonized,0.7053876261140981,0.7151530516629391,31,400,0.7017388077579462
42013,lambda_adaptive,0.7092921606180228,0.7278706230485144,31,400,0.7066275007994709
42013,lambda_fixed1,0.7019558118267029,0.7278730915490566,39,400,0.7010741941483676
42013,full40,0.6937790682004029,0.7282837076752737,40,1,
42014,chc_harmonized,0.7102050190345006,0.7197797706304269,30,400,0.7061178649883874
42014,lambda_adaptive,0.7209634444989185,0.7191373499420839,22,400,0.7138365304831643
42014,lambda_fixed1,0.7167930880499371,0.7205269334325615,24,400,0.7126220850411715
42014,full40,0.6961628299823235,0.7273444884683928,40,1,
42015,chc_harmonized,0.6947083860383281,0.7227540569622566,32,400,0.6905673198659491
42015,lambda_adaptive,0.7001333334495098,0.7114507125662785,28,400,0.6977870616077263
42015,lambda_fixed1,0.6971128982089121,0.7135886634220564,29,400,0.695037086284394
42015,full40,0.679920932739452,0.7257289827048456,40,1,
42016,chc_harmonized,0.7055211779439419,0.7188850460471046,25,400,0.7035696175103371
42016,lambda_adaptive,0.7096058298674979,0.7160488012190758,32,400,0.7079440176364922
42016,lambda_fixed1,0.7080193927107423,0.7183313198060457,32,400,0.7058589017587588
42016,full40,0.692817184734703,0.7229633941482834,40,1,
42017,chc_harmonized,0.7112439966002735,0.7216568944727133,30,400,0.7066091317215841
42017,lambda_adaptive,0.7150727784901151,0.7221629167232386,28,400,0.7090276959735902
42017,lambda_fixed1,0.7157086485090951,0.7215945632143419,30,400,0.7112736708423363
42017,full40,0.7013813199491441,0.7229631822247922,40,1,
42018,chc_harmonized,0.707644032217214,0.7202399420155506,31,400,0.7033353099954579
42018,lambda_adaptive,0.7102125344347907,0.7230736773487806,31,400,0.7049484870963831
42018,lambda_fixed1,0.7086176004664364,0.7202428962837333,29,400,0.7053089271317446
42018,full40,0.6936629710487605,0.7269232057299824,40,1,
42019,chc_harmonized,0.7061033584829636,0.7178252904772473,23,400,0.6995993280916634
42019,lambda_adaptive,0.7016759850166153,0.7183589034485639,27,400,0.6999058690296674
42019,lambda_fixed1,0.7080366987987338,0.7190986111423233,25,400,0.7009188909717019
42019,full40,0.6857928133625386,0.7242454491652388,40,1,
42020,chc_harmonized,0.7069997576197209,0.7238621688514367,36,400,0.7028773400408445
42020,lambda_adaptive,0.7060618728164022,0.723796921556412,30,400,0.7019378467172487
42020,lambda_fixed1,0.7021602223718546,0.7248320928598833,35,400,0.7009439536605341
42020,full40,0.6976663441538556,0.7257752035149435,40,1,
42021,chc_harmonized,0.7057651483162913,0.722881431624258,31,400,0.7014534908163464
42021,lambda_adaptive,0.7069995761534963,0.7155794594511562,31,400,0.703009761784064
42021,lambda_fixed1,0.7095531792465243,0.7224314259014929,32,400,0.7029986562386388
42021,full40,0.6965363929626888,0.7270098994109683,40,1,
42022,chc_harmonized,0.7019519637425649,0.7246338887331443,31,400,0.6989631387581752
42022,lambda_adaptive,0.7066043798972252,0.7194429042961147,30,400,0.702616435548654
42022,lambda_fixed1,0.7060270256787083,0.7184304039213852,31,400,0.7017695505605387
42022,full40,0.6877920328090669,0.7258992670722381,40,1,
42023,chc_harmonized,0.7068730882002808,0.7172676844582966,30,400,0.7035714163899737
42023,lambda_adaptive,0.7075777376713824,0.7131137376672783,26,400,0.7048939983242529
42023,lambda_fixed1,0.7079466264292006,0.7180315909389063,26,400,0.7041119177832421
42023,full40,0.679820876184714,0.7190198634627883,40,1,
42024,chc_harmonized,0.7033147568258278,0.7149294420534364,21,400,0.7012980440969191
42024,lambda_adaptive,0.7093813328196026,0.7199208630368481,26,400,0.7054721781450611
42024,lambda_fixed1,0.7119284176908649,0.7195054665326552,26,400,0.7084119617080337
42024,full40,0.6826096043940335,0.7215427438873677,40,1,
42025,chc_harmonized,0.7152634821214532,0.7234691329979036,31,400,0.7062741864841479
42025,lambda_adaptive,0.7091310541163784,0.7257120263407055,33,400,0.7070206465442744
42025,lambda_fixed1,0.7090307987739894,0.7210090902835502,33,400,0.7064092942900365
42025,full40,0.6936384871020443,0.723011167507341,40,1,
42026,chc_harmonized,0.7202251398020326,0.7308018448595301,33,400,0.714500096570415
42026,lambda_adaptive,0.7185442400749222,0.726733112739581,30,400,0.7145755007703781
42026,lambda_fixed1,0.7191328253273919,0.7237344053757985,34,400,0.716700354216368
42026,full40,0.7109547297537779,0.7285560516429077,40,1,
42027,chc_harmonized,0.7137726529545452,0.7157895714490927,29,400,0.7089447885767681
42027,lambda_adaptive,0.7143105730628474,0.727618867417873,31,400,0.7120499717123424
42027,lambda_fixed1,0.7143198080265132,0.7259085969924928,31,400,0.712449916190916
42027,full40,0.7013750466623585,0.7270280243490255,40,1,
42028,chc_harmonized,0.7139440902314089,0.7186991245775631,32,400,0.7090164913354167
42028,lambda_adaptive,0.7169493532770351,0.7196957697550983,27,400,0.7118343090343288
42028,lambda_fixed1,0.7234901223139665,0.714428450828656,30,400,0.7152378147587533
42028,full40,0.6980157695520521,0.7241251599536049,40,1,
42029,chc_harmonized,0.6981498644667311,0.7178200765982421,34,400,0.6953500919193801
42029,lambda_adaptive,0.7031054752137343,0.7216419121316768,30,400,0.6983149863214909
42029,lambda_fixed1,0.699262690472471,0.7202769368940773,27,400,0.6953806705354065
42029,full40,0.6745026831606878,0.7273489433852813,40,1,
42030,chc_harmonized,0.7108767834630763,0.7217907190648432,29,400,0.7069682307930136
42030,lambda_adaptive,0.714753255360994,0.7196822322411741,23,400,0.7103220534169364
42030,lambda_fixed1,0.7193148895212016,0.7224280737071719,25,400,0.7121353209476569
42030,full40,0.6979049651286755,0.7234685830505216,40,1,
