seed,adaptive_escape_rate,fixed1_escape_rate,difference,adaptive_restricted_mean_calls,fixed1_restricted_mean_calls
42002,0.8,0.8,0.0,246.2,201.2
42003,0.8,0.0,0.8,167.6,400.0
42005,0.0,0.0,0.0,400.0,400.0
42006,0.2,0.2,0.0,334.6,391.8
42007,0.2,0.0,0.2,330.4,400.0
42008,0.4,0.6,-0.2,323.2,267.0
42009,0.4,0.2,0.2,285.6,344.2
42010,0.2,0.0,0.2,334.8,400.0
42012,0.4,0.0,0.4,293.8,400.0
42013,1.0,0.8,0.2,57.6,164.0
42014,0.6,0.2,0.4,260.6,355.8
42015,0.0,0.0,0.0,400.0,400.0
42018,0.8,0.8,0.0,172.0,288.4
42019,0.2,0.0,0.2,398.6,400.0
42020,0.0,0.0,0.0,400.0,400.0
42021,0.4,0.0,0.4,261.2,400.0
42022,0.0,0.0,0.0,400.0,400.0
42023,0.2,0.0,0.2,340.0,400.0
42024,0.4,0.2,0.2,256.4,321.8
42025,0.8,0.4,0.4,220.8,323.2
42026,0.6,0.4,0.2,241.8,345.2
42027,1.0,1.0,0.0,44.2,95.0
42028,1.0,0.4,0.6,104.0,298.8
42029,0.4,0.0,0.4,261.2,400.0
42030,1.0,0.8,0.2,69.0,167.6
