seed,repeat,arm,first_exit_call,first_accepted_exit_call,censored,restricted_calls
42002,1,lambda_adaptive,74,74,False,74
42002,1,lambda_fixed1,15,16,False,15
42002,2,lambda_adaptive,172,172,False,172
42002,2,lambda_fixed1,175,176,False,175
42002,3,lambda_adaptive,,,True,400
42002,3,lambda_fixed1,17,18,False,17
42002,4,lambda_adaptive,259,268,False,259
42002,4,lambda_fixed1,399,400,False,399
42002,5,lambda_adaptive,326,332,False,326
42002,5,lambda_fixed1,,,True,400
42003,1,lambda_adaptive,234,240,False,234
42003,1,lambda_fixed1,,,True,400
42003,2,lambda_adaptive,111,122,False,111
42003,2,lambda_fixed1,,,True,400
42003,3,lambda_adaptive,,,True,400
42003,3,lambda_fixed1,,,True,400
42003,4,lambda_adaptive,75,84,False,75
42003,4,lambda_fixed1,,,True,400
42003,5,lambda_adaptive,18,18,False,18
42003,5,lambda_fixed1,,,True,400
42005,1,lambda_adaptive,,,True,400
42005,1,lambda_fixed1,,,True,400
42005,2,lambda_adaptive,,,True,400
42005,2,lambda_fixed1,,,True,400
42005,3,lambda_adaptive,,,True,400
42005,3,lambda_fixed1,,,True,400
42005,4,lambda_adaptive,,,True,400
42005,4,lambda_fixed1,,,True,400
42005,5,lambda_adaptive,,,True,400
42005,5,lambda_fixed1,,,True,400
42006,1,lambda_adaptive,,,True,400
42006,1,lambda_fixed1,,,True,400
42006,2,lambda_adaptive,,,True,400
42006,2,lambda_fixed1,359,360,False,359
42006,3,lambda_adaptive,,,True,400
42006,3,lambda_fixed1,,,True,400
42006,4,lambda_adaptive,73,74,False,73
42006,4,lambda_fixed1,,,True,400
42006,5,lambda_adaptive,,,True,400
42006,5,lambda_fixed1,,,True,400
42007,1,lambda_adaptive,,,True,400
42007,1,lambda_fixed1,,,True,400
42007,2,lambda_adaptive,,,True,400
42007,2,lambda_fixed1,,,True,400
42007,3,lambda_adaptive,52,56,False,52
42007,3,lambda_fixed1,,,True,400
42007,4,lambda_adaptive,,,True,400
42007,4,lambda_fixed1,,,True,400
42007,5,lambda_adaptive,,,True,400
42007,5,lambda_fixed1,,,True,400
42008,1,lambda_adaptive,19,22,False,19
42008,1,lambda_fixed1,,,True,400
42008,2,lambda_adaptive,,,True,400
42008,2,lambda_fixed1,139,140,False,139
42008,3,lambda_adaptive,,,True,400
42008,3,lambda_fixed1,217,218,False,217
42008,4,lambda_adaptive,397,400,False,397
42008,4,lambda_fixed1,179,180,False,179
42008,5,lambda_adaptive,,,True,400
42008,5,lambda_fixed1,,,True,400
42009,1,lambda_adaptive,14,14,False,14
42009,1,lambda_fixed1,,,True,400
42009,2,lambda_adaptive,,,True,400
42009,2,lambda_fixed1,,,True,400
42009,3,lambda_adaptive,,,True,400
42009,3,lambda_fixed1,,,True,400
42009,4,lambda_adaptive,214,214,False,214
42009,4,lambda_fixed1,,,True,400
42009,5,lambda_adaptive,,,True,400
42009,5,lambda_fixed1,121,122,False,121
42010,1,lambda_adaptive,,,True,400
42010,1,lambda_fixed1,,,True,400
42010,2,lambda_adaptive,,,True,400
42010,2,lambda_fixed1,,,True,400
42010,3,lambda_adaptive,,,True,400
42010,3,lambda_fixed1,,,True,400
42010,4,lambda_adaptive,74,74,False,74
42010,4,lambda_fixed1,,,True,400
42010,5,lambda_adaptive,,,True,400
42010,5,lambda_fixed1,,,True,400
42012,1,lambda_adaptive,,,True,400
42012,1,lambda_fixed1,,,True,400
42012,2,lambda_adaptive,,,True,400
42012,2,lambda_fixed1,,,True,400
42012,3,lambda_adaptive,147,154,False,147
42012,3,lambda_fixed1,,,True,400
42012,4,lambda_adaptive,,,True,400
42012,4,lambda_fixed1,,,True,400
42012,5,lambda_adaptive,122,122,False,122
42012,5,lambda_fixed1,,,True,400
42013,1,lambda_adaptive,100,108,False,100
42013,1,lambda_fixed1,67,68,False,67
42013,2,lambda_adaptive,7,8,False,7
42013,2,lambda_fixed1,7,8,False,7
42013,3,lambda_adaptive,101,108,False,101
42013,3,lambda_fixed1,209,210,False,209
42013,4,lambda_adaptive,43,48,False,43
42013,4,lambda_fixed1,,,True,400
42013,5,lambda_adaptive,37,42,False,37
42013,5,lambda_fixed1,137,138,False,137
42014,1,lambda_adaptive,289,298,False,289
42014,1,lambda_fixed1,,,True,400
42014,2,lambda_adaptive,,,True,400
42014,2,lambda_fixed1,179,180,False,179
42014,3,lambda_adaptive,,,True,400
42014,3,lambda_fixed1,,,True,400
42014,4,lambda_adaptive,171,172,False,171
42014,4,lambda_fixed1,,,True,400
42014,5,lambda_adaptive,43,48,False,43
42014,5,lambda_fixed1,,,True,400
42015,1,lambda_adaptive,,,True,400
42015,1,lambda_fixed1,,,True,400
42015,2,lambda_adaptive,,,True,400
42015,2,lambda_fixed1,,,True,400
42015,3,lambda_adaptive,,,True,400
42015,3,lambda_fixed1,,,True,400
42015,4,lambda_adaptive,,,True,400
42015,4,lambda_fixed1,,,True,400
42015,5,lambda_adaptive,,,True,400
42015,5,lambda_fixed1,,,True,400
42018,1,lambda_adaptive,,,True,400
42018,1,lambda_fixed1,181,182,False,181
42018,2,lambda_adaptive,31,36,False,31
42018,2,lambda_fixed1,281,282,False,281
42018,3,lambda_adaptive,258,268,False,258
42018,3,lambda_fixed1,203,204,False,203
42018,4,lambda_adaptive,127,138,False,127
42018,4,lambda_fixed1,377,378,False,377
42018,5,lambda_adaptive,44,48,False,44
42018,5,lambda_fixed1,,,True,400
42019,1,lambda_adaptive,,,True,400
42019,1,lambda_fixed1,,,True,400
42019,2,lambda_adaptive,,,True,400
42019,2,lambda_fixed1,,,True,400
42019,3,lambda_adaptive,,,True,400
42019,3,lambda_fixed1,,,True,400
42019,4,lambda_adaptive,393,400,False,393
42019,4,lambda_fixed1,,,True,400
42019,5,lambda_adaptive,,,True,400
42019,5,lambda_fixed1,,,True,400
42020,1,lambda_adaptive,,,True,400
42020,1,lambda_fixed1,,,True,400
42020,2,lambda_adaptive,,,True,400
42020,2,lambda_fixed1,,,True,400
42020,3,lambda_adaptive,,,True,400
42020,3,lambda_fixed1,,,True,400
42020,4,lambda_adaptive,,,True,400
42020,4,lambda_fixed1,,,True,400
42020,5,lambda_adaptive,,,True,400
42020,5,lambda_fixed1,,,True,400
42021,1,lambda_adaptive,44,48,False,44
42021,1,lambda_fixed1,,,True,400
42021,2,lambda_adaptive,,,True,400
42021,2,lambda_fixed1,,,True,400
42021,3,lambda_adaptive,,,True,400
42021,3,lambda_fixed1,,,True,400
42021,4,lambda_adaptive,62,64,False,62
42021,4,lambda_fixed1,,,True,400
42021,5,lambda_adaptive,,,True,400
42021,5,lambda_fixed1,,,True,400
42022,1,lambda_adaptive,,,True,400
42022,1,lambda_fixed1,,,True,400
42022,2,lambda_adaptive,,,True,400
42022,2,lambda_fixed1,,,True,400
42022,3,lambda_adaptive,,,True,400
42022,3,lambda_fixed1,,,True,400
42022,4,lambda_adaptive,,,True,400
42022,4,lambda_fixed1,,,True,400
42022,5,lambda_adaptive,,,True,400
42022,5,lambda_fixed1,,,True,400
42023,1,lambda_adaptive,,,True,400
42023,1,lambda_fixed1,,,True,400
42023,2,lambda_adaptive,100,108,False,100
42023,2,lambda_fixed1,,,True,400
42023,3,lambda_adaptive,,,True,400
42023,3,lambda_fixed1,,,True,400
42023,4,lambda_adaptive,,,True,400
42023,4,lambda_fixed1,,,True,400
42023,5,lambda_adaptive,,,True,400
42023,5,lambda_fixed1,,,True,400
42024,1,lambda_adaptive,,,True,400
42024,1,lambda_fixed1,9,10,False,9
42024,2,lambda_adaptive,11,14,False,11
42024,2,lambda_fixed1,,,True,400
42024,3,lambda_adaptive,,,True,400
42024,3,lambda_fixed1,,,True,400
42024,4,lambda_adaptive,,,True,400
42024,4,lambda_fixed1,,,True,400
42024,5,lambda_adaptive,71,74,False,71
42024,5,lambda_fixed1,,,True,400
42025,1,lambda_adaptive,84,84,False,84
42025,1,lambda_fixed1,,,True,400
42025,2,lambda_adaptive,77,84,False,77
42025,2,lambda_fixed1,269,270,False,269
42025,3,lambda_adaptive,183,192,False,183
42025,3,lambda_fixed1,,,True,400
42025,4,lambda_adaptive,360,370,False,360
42025,4,lambda_fixed1,,,True,400
42025,5,lambda_adaptive,,,True,400
42025,5,lambda_fixed1,147,148,False,147
42026,1,lambda_adaptive,76,84,False,76
42026,1,lambda_fixed1,,,True,400
42026,2,lambda_adaptive,17,18,False,17
42026,2,lambda_fixed1,,,True,400
42026,3,lambda_adaptive,316,332,False,316
42026,3,lambda_fixed1,211,212,False,211
42026,4,lambda_adaptive,,,True,400
42026,4,lambda_fixed1,,,True,400
42026,5,lambda_adaptive,,,True,400
42026,5,lambda_fixed1,315,316,False,315
42027,1,lambda_adaptive,41,42,False,41
42027,1,lambda_fixed1,133,134,False,133
42027,2,lambda_adaptive,19,22,False,19
42027,2,lambda_fixed1,31,32,False,31
42027,3,lambda_adaptive,42,42,False,42
42027,3,lambda_fixed1,77,78,False,77
42027,4,lambda_adaptive,94,96,False,94
42027,4,lambda_fixed1,69,70,False,69
42027,5,lambda_adaptive,25,26,False,25
42027,5,lambda_fixed1,165,166,False,165
42028,1,lambda_adaptive,293,298,False,293
42028,1,lambda_fixed1,,,True,400
42028,2,lambda_adaptive,11,14,False,11
42028,2,lambda_fixed1,41,42,False,41
42028,3,lambda_adaptive,23,26,False,23
42028,3,lambda_fixed1,,,True,400
42028,4,lambda_adaptive,52,56,False,52
42028,4,lambda_fixed1,,,True,400
42028,5,lambda_adaptive,141,154,False,141
42028,5,lambda_fixed1,253,254,False,253
42029,1,lambda_adaptive,58,64,False,58
42029,1,lambda_fixed1,,,True,400
42029,2,lambda_adaptive,,,True,400
42029,2,lambda_fixed1,,,True,400
42029,3,lambda_adaptive,,,True,400
42029,3,lambda_fixed1,,,True,400
42029,4,lambda_adaptive,,,True,400
42029,4,lambda_fixed1,,,True,400
42029,5,lambda_adaptive,48,48,False,48
42029,5,lambda_fixed1,,,True,400
42030,1,lambda_adaptive,74,74,False,74
42030,1,lambda_fixed1,175,176,False,175
42030,2,lambda_adaptive,15,18,False,15
42030,2,lambda_fixed1,,,True,400
42030,3,lambda_adaptive,76,84,False,76
42030,3,lambda_fixed1,35,36,False,35
42030,4,lambda_adaptive,75,84,False,75
42030,4,lambda_fixed1,11,12,False,11
42030,5,lambda_adaptive,105,108,False,105
42030,5,lambda_fixed1,217,218,False,217
