seed,arm,validation_wba,difference_from_full40
42001,without_occupation,0.6840533102134008,-0.017583616752785303
42001,without_weeks,0.6915735793268049,-0.010063347639381215
42002,without_occupation,0.6920480414877571,2.6701302160425655e-05
42002,without_weeks,0.6973556729599908,0.005334332774394102
42003,without_occupation,0.6855091134277923,-0.009449930812971186
42003,without_weeks,0.6917900055298132,-0.0031690387109503115
42004,without_occupation,0.6978133019996862,-0.001586608358634778
42004,without_weeks,0.6925772064162456,-0.006822703942075292
42005,without_occupation,0.6849709165934447,0.003686982360798785
42005,without_weeks,0.6899637719159054,0.008679837683259528
42006,without_occupation,0.6865174861368194,-0.0026151101781871633
42006,without_weeks,0.6849781732023834,-0.004154423112623151
42007,without_occupation,0.685670457409562,-0.013024448808360511
42007,without_weeks,0.6929862834185189,-0.005708622799403651
42008,without_occupation,0.6889556558051655,-0.0011493376519833287
42008,without_weeks,0.6907817702988792,0.0006767768417303976
42009,without_occupation,0.6833511683808785,-0.0038976449347445374
42009,without_weeks,0.6804703058794581,-0.006778507436164927
42010,without_occupation,0.6943229818604686,-0.012456736716604189
42010,without_weeks,0.6957797382002697,-0.010999980376803054
42011,without_occupation,0.6904265231922273,-0.003620263658508538
42011,without_weeks,0.6897577188521694,-0.0042890679985664315
42012,without_occupation,0.6867894332445668,0.001342612057972592
42012,without_weeks,0.697224825172087,0.01177800398549278
42013,without_occupation,0.68328590525338,-0.01049316294702296
42013,without_weeks,0.6890449674358725,-0.004734100764530402
42014,without_occupation,0.6929637313423879,-0.003199098639935616
42014,without_weeks,0.690459285825944,-0.005703544156379525
42015,without_occupation,0.681150919028879,0.0012299862894270541
42015,without_weeks,0.6746623988864742,-0.005258533852977809
42016,without_occupation,0.6767024818074804,-0.016114702927222613
42016,without_weeks,0.6969108361947404,0.004093651460037373
42017,without_occupation,0.6888692019770292,-0.012512117972114933
42017,without_weeks,0.6959713557467624,-0.005409964202381712
42018,without_occupation,0.6996413626034501,0.005978391554689599
42018,without_weeks,0.6966037003692352,0.002940729320474733
42019,without_occupation,0.6830798936844746,-0.002712919678063974
42019,without_weeks,0.6960933274024071,0.010300514039868536
42020,without_occupation,0.696569176262059,-0.001097167891796591
42020,without_weeks,0.6949109829512654,-0.002755361202590234
42021,without_occupation,0.6865156873264339,-0.0100207056362549
42021,without_weeks,0.6968047188288055,0.00026832586611669207
42022,without_occupation,0.691544844542059,0.003752811732992134
42022,without_weeks,0.6814272248943121,-0.0063648079147548
42023,without_occupation,0.6937761387771466,0.013955262592432627
42023,without_weeks,0.686852214974391,0.0070313387896769886
42024,without_occupation,0.6969107338591994,0.01430112946516593
42024,without_weeks,0.6904305219951351,0.007820917601101596
42025,without_occupation,0.6837786080117385,-0.009859879090305834
42025,without_weeks,0.689107287191277,-0.004531199910767336
42026,without_occupation,0.6984096206239314,-0.012545109129846521
42026,without_weeks,0.6965512878466251,-0.014403441907152814
42027,without_occupation,0.6831533324062004,-0.01822171425615815
42027,without_weeks,0.6895301902329742,-0.011844856429384265
42028,without_occupation,0.6894428864047921,-0.008572883147260013
42028,without_weeks,0.6998864057226701,0.0018706361706180008
42029,without_occupation,0.6663449029413022,-0.008157780219385624
42029,without_weeks,0.6807212743195611,0.006218591158873243
42030,without_occupation,0.6924118531326562,-0.0054931119960193175
42030,without_weeks,0.681262416533288,-0.016642548595387496
