seed,status,eligible,diagnostic_calls,one_bit_passes,center_wba,center_features,equal_wba_neighbor_count,strict_wba_local_maximum,witness_wba
42001,ineligible_no_two_bit_witness,False,1022,5,0.718064325988091,27,0,True,
42002,eligible,True,377,1,0.7119945358544414,27,0,True,0.7138547763208954
42003,eligible,True,554,3,0.7131918414400844,23,0,True,0.7142052360077475
42004,ineligible_no_two_bit_witness,False,982,4,0.7222078061517798,27,0,True,
42005,eligible,True,882,2,0.7071681835322573,35,0,True,0.7077781464077855
42006,eligible,True,798,3,0.7163289447660985,25,0,True,0.716609562825197
42007,eligible,True,723,3,0.7170227489140157,28,0,True,0.7178778071323942
42008,eligible,True,143,1,0.7073725792149408,22,0,True,0.7078817486343181
42009,eligible,True,746,3,0.7136719901509796,23,0,True,0.713948859875492
42010,eligible,True,805,2,0.7253039609904184,32,0,True,0.72566270472989
42011,ineligible_no_two_bit_witness,False,982,4,0.7168836321407484,21,0,True,
42012,eligible,True,343,1,0.7133700368305042,26,0,True,0.7163808625578186
42013,eligible,True,214,3,0.7102983986392859,29,0,True,0.7109127988186574
42014,eligible,True,291,5,0.7177926560988375,28,0,True,0.7181112149097988
42015,eligible,True,972,5,0.7032331008766831,30,0,True,0.7044345203603288
42016,ineligible_no_two_bit_witness,False,902,2,0.7102036819947178,24,0,True,
42017,ineligible_no_two_bit_witness,False,942,3,0.714150055611231,32,0,True,
42018,eligible,True,539,3,0.7122826509558071,31,0,True,0.7125501565275071
42019,eligible,True,504,2,0.7087975026583724,24,0,True,0.7105200855084448
42020,eligible,True,495,5,0.712191786246643,34,0,True,0.7133855754502398
42021,eligible,True,508,3,0.7109910015967902,33,0,True,0.7115717320125974
42022,eligible,True,706,2,0.7055955116578039,30,0,True,0.705901459251388
42023,eligible,True,658,3,0.712019483495235,28,0,True,0.7122624094568242
42024,eligible,True,721,4,0.7104536327393264,22,0,True,0.7109261188754533
42025,eligible,True,150,1,0.7152634821214532,31,0,True,0.716384992699013
42026,eligible,True,287,1,0.7202251398020326,33,0,True,0.7204896696108953
42027,eligible,True,140,2,0.7141116293098556,28,0,True,0.7156542177654753
42028,eligible,True,183,2,0.717028894840193,31,0,True,0.7186749346493557
42029,eligible,True,839,4,0.7021961090959357,31,0,True,0.7028042573734106
42030,eligible,True,396,2,0.7136529703150586,28,0,True,0.715392443781926
