"RelativePath","Length","SHA256"
"config/default_config.m","5412","66bea2e6f071c0be1a34dfcc5597d7a0d70391804183596c49b236728bbe9d47"
"data/Decision_Variables.csv","104940","bd357d8bfd11fe87d8a34813e7b92b48bf3b576e27da95de39af05807aa76ecc"
"data/instance_manifest.csv","4421","c81cc42cbf60f3d4060a47312580f2c54660a0e4e8300c39302e38d9d92f6795"
"data/instances/instance_01.mat","19549","5219b01d7ae26afe4b9a0f07df7dbce4393d9b97a57334d3ea62fa324147caed"
"data/instances/instance_02.mat","17041","2ee3cf10081837202d5e8fca8fa51f733b39c1b2079f9d197a899c6d1aed8ea7"
"data/instances/instance_03.mat","16684","5cb6739533b4d3cdfe4936f122621dda417e81e4ad24feae39eb4bc368b7acae"
"data/instances/instance_04.mat","16531","61907ccf2476319cc579af37c590667269cbc3d08ab34a4c34b183d265c2f672"
"data/instances/instance_05.mat","17212","e0ba7c086338b12d11ae465ff8bc0016fe8b6b0317f6655ddc5c6b1bee530463"
"data/instances/instance_06.mat","17381","ad4c8fb6ceae17e7ecd4d1a942a66fb1d259533554f5a9756e62e2aeb8c6e4b6"
"data/instances/instance_07.mat","16311","fed186a54d589e6b18f988c4c93eaf46cd1f5bd153546d7d8320b75de2345da3"
"data/instances/instance_08.mat","17991","0a7ae117ec7119d7ee58d76418e93c86a2ec0ee5499a7e9a8b59068725857b95"
"data/instances/instance_09.mat","16165","a40a9fd3e6ff813a538a6f3c259d2159f4a63d79327069ece5fee6b2e76a3dff"
"data/instances/instance_10.mat","17361","eb9243e6886b2f469daf61e5027dafaa79d3fbe80511e6fac76590359b8b5629"
"docs/experiment_specification.md","24811","8b3fb6d56e8549407554d92292cf1b277229014806f64cee9e6d3898830861b1"
"docs/failure_diagnostics.md","3051","ebf2fd74d76fb1a32b241533ddd25afb5077ad1c7d6f0732697fe9d9225ab442"
"docs/post_primary_pipeline.md","5578","8284dfa76c021f1564eadbe41f8ca52eedca58cf08ef3b5a99e82ebbddd4c6b4"
"docs/source_audit.md","26131","918f8df56f44b64bc94673af23532df5ed4e9b400f2b321c4ab121581d0309e7"
"LICENSE","550","b3aca38189e65d24e88ee1d1edd9498e43631298e4e8653e3d77a7c82d765889"
"logs/diagnostic_harness_failures.md","3134","baabf78d194693d0cd5a77e61810ff0055b7e377ede504a9c89258b3cdda5fc9"
"logs/README.md","533","e7a179b83df123a8f8870b30618fc05247ac8e2fa3c07b3378e8b16c6874d309"
"outputs/failure_diagnostics/Q1_STRICT_HORIZONS/Diagnostic_Provenance.mat","4002","a9fcff7a0074224d4ea1b1584022df70b92ef1055da55b367c43a111e1d39b93"
"outputs/failure_diagnostics/Q1_STRICT_HORIZONS/Events_DIAGNOSTIC_ONLY.csv","6097721","819e6bd35e7c87183c7a2a0a9d1fcf296f206ea4ff1efdbd7653d829722d23c5"
"outputs/failure_diagnostics/Q1_STRICT_HORIZONS/Generation_Log_DIAGNOSTIC_ONLY.csv","76962219","249452559d83e5912be6d82258f0d3aa6c9f8eb9ae26cefd935b4f88504e50ab"
"outputs/failure_diagnostics/Q1_STRICT_HORIZONS/Published_vs_Diagnostic_Reproduced_DIAGNOSTIC_ONLY.csv","886","343bef84bc3a57b28669d368699ceabce3c8d3d976603b9ddae84dd997491c44"
"outputs/failure_diagnostics/Q1_STRICT_HORIZONS/run_01.mat","949837","ceed462efeb8137e1c359bbe19a51f3f43f61c3fb1aa8f7729026325e50a7498"
"outputs/failure_diagnostics/Q1_STRICT_HORIZONS/run_02.mat","966403","a11dea23e0eb3fd014722653bb0e70d2ab68a40360077f851b059911a965d637"
"outputs/failure_diagnostics/Q1_STRICT_HORIZONS/run_03.mat","881836","e51c449e20ec3020772778b86e1b1b87e34ceecb1f953f93f588458ff8de424a"
"outputs/failure_diagnostics/Q1_STRICT_HORIZONS/run_04.mat","974150","9d622e70a4a8a11d32f29b72e3ac27195f4d33743a6c2ede376867d200e941ec"
"outputs/failure_diagnostics/Q1_STRICT_HORIZONS/run_05.mat","904916","1a285fdc1a4d1ef7bb3869c43fcfe39218088d210a4b86c0906de39124160a60"
"outputs/failure_diagnostics/Q1_STRICT_HORIZONS/run_06.mat","870261","283fc76b4b86a43b4586e7352ade3e5cf9a176deceffbf22dab9ba8d1ac53c9a"
"outputs/failure_diagnostics/Q1_STRICT_HORIZONS/run_07.mat","865405","e4f19f6de2fce2257236f3586b9ca2a4cb5b37efae1cdec3851a557c8604cbef"
"outputs/failure_diagnostics/Q1_STRICT_HORIZONS/run_08.mat","12120349","c9dd6986d8880df768de00802fb1bb5e2ab76eb042f4e522b21c361424625248"
"outputs/failure_diagnostics/Q1_STRICT_HORIZONS/run_09.mat","928562","6e492bd0ab39ab63cb5d8e13f5881808f26f500226f55e8695f4b2756868b41c"
"outputs/failure_diagnostics/Q1_STRICT_HORIZONS/run_10.mat","866245","dab8ddbbe939a3e024ad99cd2bd4bde8caff514000b09c37e69d6ecc8d192034"
"outputs/failure_diagnostics/Q1_STRICT_HORIZONS/Runs_Raw_DIAGNOSTIC_ONLY.csv","19977","47e10c16b29285e7d4384f8946078650a73c57d46eac8dfcede8e89b4ed324eb"
"outputs/failure_diagnostics/Q1_STRICT_HORIZONS/Summary_DIAGNOSTIC_ONLY.csv","503","76f60f6b28376b7e115e5c1117a17f15eeec4e7dead98ae8e7343fb0f9cc5e2e"
"outputs/failure_diagnostics/Q2_RELEASED_OPERATORS/Diagnostic_Provenance.mat","4019","6f850ba4b1f750fe225dccc4e73afd31a2b4743b8c678715f141fd19d98d760e"
"outputs/failure_diagnostics/Q2_RELEASED_OPERATORS/Events_DIAGNOSTIC_ONLY.csv","18822481","7de4b50ea7ba1006e764634758e20d889f57fc3e6f943c71cf2a50537714f8a3"
"outputs/failure_diagnostics/Q2_RELEASED_OPERATORS/Generation_Log_DIAGNOSTIC_ONLY.csv","76560871","eb24e6bd268e2254f4da0f306b9a29b1e4f969b0c8d298b02b674879d4db8286"
"outputs/failure_diagnostics/Q2_RELEASED_OPERATORS/Published_vs_Diagnostic_Reproduced_DIAGNOSTIC_ONLY.csv","898","72582156c738f717591bd664061a7ccdf54127d148c310d58aad31711e7d4062"
"outputs/failure_diagnostics/Q2_RELEASED_OPERATORS/run_01.mat","961941","923951a1438b4a384d66f7ea9fd56b136ab89143f82ac5c1e7fe0c9e47d9860b"
"outputs/failure_diagnostics/Q2_RELEASED_OPERATORS/run_02.mat","939830","d7ea88dcaba85e51c7a9ee6f9656588d2508675b2b5bb784bf0a66946a2a3e97"
"outputs/failure_diagnostics/Q2_RELEASED_OPERATORS/run_03.mat","945632","1666cf46d9d23f5efdc12d04cd2040200db60a386dc8eb0aad822cc6f740781c"
"outputs/failure_diagnostics/Q2_RELEASED_OPERATORS/run_04.mat","1041279","17aa9e78d3066ba3b6d37e7af869ed768493dabec1cd37f6ed50764ad9bb5fb8"
"outputs/failure_diagnostics/Q2_RELEASED_OPERATORS/run_05.mat","930792","87cfa13f7a2d4d42c821042caa2811cc00a2fef6f57c8331f148349518d838c3"
"outputs/failure_diagnostics/Q2_RELEASED_OPERATORS/run_06.mat","934567","8f5c8661f5eebd6e233b16f6e253b3bf3a546e674aa328130d71e2b3e56e03d2"
"outputs/failure_diagnostics/Q2_RELEASED_OPERATORS/run_07.mat","891503","995e473faf730431e4dfe73ca86a064eaa79646d354dbc0b8ec5e78df619650d"
"outputs/failure_diagnostics/Q2_RELEASED_OPERATORS/run_08.mat","15237975","97f1c710430333eaac6138196f6944fa428659d327a3273cfb1c534fb234a726"
"outputs/failure_diagnostics/Q2_RELEASED_OPERATORS/run_09.mat","999653","96044fb0cd76a62a40a70832c0ff7e2b8d189e19152da1a815fdfb9e59b0e179"
"outputs/failure_diagnostics/Q2_RELEASED_OPERATORS/run_10.mat","903547","b3ee4726d84af975ffd7345b71c214791721ab26f65e68b706dbfef79097a756"
"outputs/failure_diagnostics/Q2_RELEASED_OPERATORS/Runs_Raw_DIAGNOSTIC_ONLY.csv","20522","521fb27a9eda91b230a2aff8f9fcd12ffe32a503b743481cee20fd961a423e87"
"outputs/failure_diagnostics/Q2_RELEASED_OPERATORS/Summary_DIAGNOSTIC_ONLY.csv","496","87aa435cb222e60c5fe0a958f3c211d81ed5e6a2b4aec4dcc9225a8445b92290"
"outputs/failure_diagnostics/Q3_RELEASED_DRIVER/Diagnostic_Provenance.mat","3996","a4744eef668c60de0b208815f3a1a1d774ac4e1c84605f69e3c245441b6c3937"
"outputs/failure_diagnostics/Q3_RELEASED_DRIVER/Events_DIAGNOSTIC_ONLY.csv","14244216","b3e15566ecef233ab6e8314769f4d410ebbd8bf1c0b1e5a79adfd8aea6064038"
"outputs/failure_diagnostics/Q3_RELEASED_DRIVER/Generation_Log_DIAGNOSTIC_ONLY.csv","74954236","51e91f9311559dd05eee6e5d1d00cf2094d4f6a46b130aecc3c9bb5dbea03f3d"
"outputs/failure_diagnostics/Q3_RELEASED_DRIVER/Published_vs_Diagnostic_Reproduced_DIAGNOSTIC_ONLY.csv","886","0fa5c0cbb9220a6641d2ab18783c582a9f47e0adc53f34f24a11ebb44a13ab7a"
"outputs/failure_diagnostics/Q3_RELEASED_DRIVER/run_01.mat","991099","be11d59b1d82e345ee481341e452146c042fcfb2c3d8ef1b5562ca65865b6c76"
"outputs/failure_diagnostics/Q3_RELEASED_DRIVER/run_02.mat","933758","b2fe88f2f240a77964384213eb52925a3f0f8e88480097f30955232730d5c6c7"
"outputs/failure_diagnostics/Q3_RELEASED_DRIVER/run_03.mat","938943","a9eb039d7aff0ec739bdabe1c906c12a42cb6f7701c1015531f02285f01a7899"
"outputs/failure_diagnostics/Q3_RELEASED_DRIVER/run_04.mat","1038640","6aae79b6b29bfde62fb26ad62b0b3046a62b885ab4ebd2a4ed832b8327c63c04"
"outputs/failure_diagnostics/Q3_RELEASED_DRIVER/run_05.mat","919950","bb74a333e403a11ca1896b70ebf43f9cfae22a10378cffab4800514079893b70"
"outputs/failure_diagnostics/Q3_RELEASED_DRIVER/run_06.mat","934308","8a626c8d941fb9fe7a39cea2f256b9223cd24b2fc8d525677733a22972ad3c59"
"outputs/failure_diagnostics/Q3_RELEASED_DRIVER/run_07.mat","898760","b19c252e0496370c36613ef1530b3f7e59a2fdb4e0f08c678d559101694b7eae"
"outputs/failure_diagnostics/Q3_RELEASED_DRIVER/run_08.mat","14155301","6107c78e77652dac092aa2a39b369b9b6054edb5675216af1ae2fc164112a0f5"
"outputs/failure_diagnostics/Q3_RELEASED_DRIVER/run_09.mat","993668","51a5ea4f784500e3aa3d77f7be0cc5ce7b06af9dc0b9dddf084b99829b808e8b"
"outputs/failure_diagnostics/Q3_RELEASED_DRIVER/run_10.mat","899222","101db47a9525b2e82c93392ec5a277782f2142c52167fbf1681d5a966b6b45d2"
"outputs/failure_diagnostics/Q3_RELEASED_DRIVER/Runs_Raw_DIAGNOSTIC_ONLY.csv","20122","3ea2258a789b3c028267599abf423f98b9b99f5047562c903f29cf893e86d729"
"outputs/failure_diagnostics/Q3_RELEASED_DRIVER/Summary_DIAGNOSTIC_ONLY.csv","497","6f3bfa5bedae293a5c1240bcfb4fbc3ccdbced717b58922e59b20dfbd217018d"
"outputs/failure_diagnostics_invalidated/2026-07-30_q1_pre_hardening/Q1_STRICT_HORIZONS/Diagnostic_Provenance.mat","4002","01458cb1eb64d551842ca08628029754ea373dbb288b4c0693829cc41dc0a92f"
"outputs/failure_diagnostics_invalidated/2026-07-30_q1_pre_hardening/Q1_STRICT_HORIZONS/run_01.mat","943197","a0fb76bb54ab4aa9b23ab137e31decc1e3a2392fef4c6068cce39295989eb6cd"
"outputs/failure_diagnostics_invalidated/2026-07-30_q1_pre_hardening/Q1_STRICT_HORIZONS/run_02.mat","959763","20aacd11f5351fdbf6f20fc6cb7a100b6cfd1c805d5809954bb7484980f7eee8"
"outputs/failure_diagnostics_invalidated/2026-07-30_q1_pre_hardening/Q1_STRICT_HORIZONS/run_03.mat","875196","106cdefa18392d4dc5ce7f142e446309711d4b6cb10665eeedbe563d57a0c3f9"
"outputs/failure_diagnostics_invalidated/2026-07-30_q1_pre_hardening/Q1_STRICT_HORIZONS/run_04.mat","967510","e2683b650c519cdfa967c898de9865e22e581471f2b665d812758b3b82a42e57"
"outputs/failure_diagnostics_invalidated/2026-07-30_q1_pre_hardening/Q1_STRICT_HORIZONS/run_05.mat","898276","8fcc1029ac0e5dc74c3876fa1b8655f4d913599e230e981b955bb4a0743570ad"
"outputs/failure_diagnostics_invalidated/2026-07-30_q1_pre_hardening/Q1_STRICT_HORIZONS/run_06.mat","863621","a633845cedb42a664b03559c56c969731afb5712305869d3ee2616cf2bcb1c51"
"outputs/failure_diagnostics_invalidated/2026-07-30_q1_pre_hardening/Q1_STRICT_HORIZONS/run_07.mat","858765","ccba42537570e24044fdcc78a9dec2c0f226687e81ddc4c55f9489a65bdd96b9"
"outputs/primary/Adaptation_Events.csv","6211219","564493e047bd4f7ed336311f4de0c225adefd7f2a52a06cdb69bb056aa8085db"
"outputs/primary/Generation_Log.csv","62784721","cc2dd4a828b977e0e83a9d088ca29c13d64f863b3f3cbec5e43a17a0fe38db97"
"outputs/primary/run_01.mat","993162","e0ad0cc9a215b8f3c1bb163b6e8e4c6442a4429b7ff52c8b8a15fb325fdd68f6"
"outputs/primary/run_02.mat","1009665","6aeb3f7283a227649fb775abe92f5d1e50805382a0baf1ee6b8e10209094ccc1"
"outputs/primary/run_03.mat","914304","a7401b5b78ed7831ab003ea5a209533ea95fa061eded4df085ab89a5fd32ca5e"
"outputs/primary/run_04.mat","1018399","08d12f2908b1120508c30bb8c974b1ad7a220b022a005706289a2e000668b426"
"outputs/primary/run_05.mat","935840","490fd7a44eb3eb54bc9e2a0e09da6c93359de7a179dfaf090884bc5b6fed5107"
"outputs/primary/run_06.mat","899697","3645a0a33f7c26a5202dd042f0690beeafd092ec6637ef503b9e3869ae5dfef0"
"outputs/primary/run_07.mat","903474","29654ca08203649da75aa953335c64705d9f1b983374e9bde18ab84e32d110d1"
"outputs/primary/run_08.mat","12428289","e9ed953078b6b819da07f46352319329e1a53e3bc3051b6ae8703de61c9ec80f"
"outputs/primary/run_09.mat","965372","95b75b23ba4002c7c81d0f5edbb3e1ac94e22c950bb41aff14ed3f14dc2f2256"
"outputs/primary/run_10.mat","901880","396140a0af9152751795f21c7379e5b02bc175c65180c519f3203579a1f841b2"
"outputs/primary/Runs_Raw.csv","14469","027a97f895820539578675b17ac9ffa132d78a8bb654f5dbdf145038a2be1697"
"outputs/verification/primary_verification.mat","3166","d156cd3bc86261fcc0070a4a505f9035c943b14277f97df4c4d03f43417bfbb6"
"outputs/verification/Published_vs_Reproduced.csv","828","dfc0a603f4e3553bca77b30d47cfca64d74bbdc48170d0bd173c7c116af5778e"
"README.md","2328","6ca5fef49bbb526cf2d2a9a5714be14eabcae47a6f5660c98642c21bb6b9de08"
"report/build_final_package.py","92696","eb61fab0419c210097018f8d8a27927ae78b17d484f86715918673dee0a0830f"
"report/REPORT_BUILDER.md","2560","5cf398120323bec6dee4f47a338b58541256ecafcd77f83495fa0f28c2890e91"
"report/report_schema.json","1094","6b3f6e255f0ab05c3e09f38dfd1b2f62ff73a117a1d80810af31c42f3f35129a"
"requirements-report.txt","16","06d28d69e958deafb09f0a44fcae9b548f15e4debc14ebc39aad5f0934856fbf"
"rerun.ps1","615","e8c943b019fc87e5b15b89bac7a5e816b4f96c37a76909a75a60dbd1cf3ce53e"
"run_failure_diagnostics.m","1235","561d0556cfc3ce67368500a31d0ffc9a6e512b347efef701b5d92c607b544962"
"run_post_primary.m","1155","d7f66bafaed093db9a62cc3113034da42f311d24dc8b05ab64b0c2c994f614d2"
"run_primary.m","534","73feed67869aaf326faeb81fee5473f3eaa104c1bc710ab96b7d1af89eb8812d"
"run_unit_tests.m","560","6c5ee7784d5e65e179221e3d4d250d7b558d4be431f960017bc7da3c56da4cab"
"source/DeGrootGeneticAlgorithm/Algorithm-Code/BlendingOperator.jl","1025","1bde78fe6db359fe8a2f3c42a2d53b385ddaa6830b4ac18ee90d8a8e62b8fd7b"
"source/DeGrootGeneticAlgorithm/Algorithm-Code/CrossoverOperator.jl","823","80f0fa410a356ccdcaf7daba02a15cc90c8949b278b4be9174f7767e6f6a01c9"
"source/DeGrootGeneticAlgorithm/Algorithm-Code/GeneticAlgorithm.jl","21160","639d3e6868b03c2e31e1e071fde418ca7035943dcdf477afc4f9a6d4a9699bf6"
"source/DeGrootGeneticAlgorithm/Algorithm-Code/LICENSE","35823","230184f60bae2feaf244f10a8bac053c8ff33a183bcc365b4d8b876d2b7f4809"
"source/DeGrootGeneticAlgorithm/Algorithm-Code/MutationOperator.jl","4330","b1e00fccefa44088d54edaddc4dce0880e3214df8de81645f7b033bd1102f3d2"
"source/DeGrootGeneticAlgorithm/Algorithm-Code/OpinionsFunction.jl","7549","ac4ed4d5f8083e7a657b2f724d895149bf9015be00d30b071a7ccff71930dde5"
"source/DeGrootGeneticAlgorithm/Algorithm-Code/PowerDeviationFunction.jl","1537","41c40f0e103d088136d22dd6131213a030e49670cb7580152ba167ba2e3bcec0"
"source/DeGrootGeneticAlgorithm/Algorithm-Code/ScaleFunction.jl","2358","52ab0b3bca0a145038f627f81dae9ad609bc275946f1714c72f71b7bf732e8f9"
"source/DeGrootGeneticAlgorithm/Algorithm-Code/SelectionOperator.jl","3378","a633ddc864e839bad8ccda29af04ce404aec63c61031bd7ffc9c536c9d482714"
"source/DeGrootGeneticAlgorithm/Algorithm-Code/SurvivalOperator.jl","4591","99ce174a96c3e7c4bd7fd03e78b7f4f357844886d0054228f940d87c8a68ebad"
"source/DeGrootGeneticAlgorithm/Simulation-Study-Data/fit.csv","3733501","517e3f29a89924ea907843c983d5c74d1843c75640e4d6a42ad936a94da94215"
"source/DeGrootGeneticAlgorithm/Simulation-Study-Data/hyper.csv.zip","9645367","41ca24820e044b91a93f7cd8d2c327d712ccad4cb486afc48f069ed316a2e9c4"
"source/DeGrootGeneticAlgorithm/Simulation-Study-Data/recovery.csv","383050","d007fb4ce9bda0e111e4deccf64bca55f16ba91cab3e29377bac9f2713d8ac58"
"source/DeGrootGeneticAlgorithm/Simulation-Study-Data/useability.csv","10791296","811c877faba0d04b4fd83e8dfddd5cb37afaea89c92c1cea4a6077de79bc9c20"
"source/johnson_carnegie_2022_algorithms.pdf","633360","76dc851d356c578995821f66c5c80fc1911c87fd0d9a9b110a5e0f4c59716ccb"
"source/johnson_carnegie_2022_algorithms.xml","132623","ac47e4330e019348ccda3247c397dc9cbaf2d61d11ca3dead1ed782420ec5dbe"
"source/published_sensitivity_rows.csv","2093","3353ef63fea27c7c89bad5107e56fc539371c85d704c036f71510f2ee32fdf33"
"source/published_target_rows.csv","1093","710feb1ae22f2c7baf27ac0092b60662ac49cae53f59f3ddf2a92ecff08bad37"
"source/source_manifest.md","20582","c6aa8dc18b464a3ef3791844354e9bb45249c0f97924763fdb953019c3a19a91"
"src/+degroot/adapt_controls.m","4263","7fc47166a823aad022e74f3cd4d32ea4f6c4dddfaad019e5737990821eb25008"
"src/+degroot/blend_pair.m","1953","09249a14a6803a096617626030a02c65e5e9d3b94c7609abb8fc4d7444845441"
"src/+degroot/blend_population.m","1126","1e278c677017ef4c2c51f26547b610eacb9b59921148769e81c98ec1501138c0"
"src/+degroot/blend_population_archive.m","2541","2de02aeffd476b872ca138f3417a0ae62b6f4b773872c7e0f807ac6622770b33"
"src/+degroot/constrained_row_update.m","2368","710fe8409a4793cceefa8b9f1adf7e0afd1772cdadbc0e6d8960390f227bf78b"
"src/+degroot/continuous_to_ordinal.m","941","f4baf75322c0493f9f38fbf30bad0845127cdc90851410893edbf6bc2df78fcd"
"src/+degroot/evaluate_chromosome.m","786","18f4fe5d59f2501a944d24eff765717307e7ee9b75059304fefc3cdb84009097"
"src/+degroot/generate_network.m","2793","dfdfb003802e75db5d74ede0cc669a7987bb403ab3b199e94baf0e26b584e74e"
"src/+degroot/generate_synthetic_problem.m","1662","c690a09b3df9ccc4aff8bf4091401c27a1a658e62650c06f9c91c04d5cd97bf5"
"src/+degroot/generate_weight_matrix.m","3362","60fcded2430aad8904a2896835aabb474d9753ab5a822d2190faa6d12b7e4ffe"
"src/+degroot/initialize_population.m","1211","cd07cbe83f819015ee96ceae0fd25b017660dd930ae1b26847900444a53c1163"
"src/+degroot/make_constraints.m","2498","13e890faab7eece47b99a9d1d02990e9783b4235eee17d0928fbdb93f0b4b493"
"src/+degroot/mutate_gaussian.m","1722","fcfd82358e25bc80657105c5ee6b3e87bafbd859b3af617db9adafbf86294f23"
"src/+degroot/objective.m","1449","40e8fe8a39b9af53550b0a5a23461c7d18aa6ebec701a148a069be7b53ff3a2f"
"src/+degroot/ordinal_to_continuous.m","742","6140cf012ab1473fbf1b9a8448b898a0fde63404e1f71c1dbc3db3192910dac8"
"src/+degroot/random_chromosome.m","881","f7b44357b537ff347b29411037f85c9081578d0994b456b3f37f59b38ac88964"
"src/+degroot/select_archive_compatible.m","4084","903ddfd73013306134ecc6ab7620c843aaf615398639d3062721f06d22c6fd85"
"src/+degroot/select_with_gene_swaps.m","1563","8e004599399858cf094642465cba19f0effd39b2f8a76108c2699353d30b73b2"
"src/+degroot/shuffle_crossover.m","1187","397a7603cf625469d67d7be367d9ae319722fa7ec6ad9399d00b02ccb7b3125e"
"src/+degroot/simulate.m","1180","56e7ac96e863f338316a86def04d7e90b40d1592908c4741eea87c0acf2455d1"
"src/+degroot/stream_from_seed.m","626","2a45ce70ba8202f740a5d08d989088d28913eb7694bf35823c4f98408395976c"
"src/+degroot/survival.m","2135","2dcfa7ff27f617aeb8d2199a01a26bf5cb9a3150dc054b5c995dbb572df9fdb1"
"src/+degroot/survival_archive_compatible.m","2140","9ab863f9b86954accddf6b753f7707a92a26307a8fa2dd75fdac92c5a9fad0d6"
"src/+degroot/try_gene_swap.m","1923","0b2e66bf25d3c8355d7b1eb1b4d7b0104dbb14285974ddb27b845108a666b49b"
"src/+degroot/validate_chromosome.m","1449","5388eb72064484f84931d4a3f7b8246e6eb9c77c61f19901154bacf487b5b132"
"src/+jcga/adapt_controls_diagnostic.m","549","ebf5b6735d45f85fcd162862b2b5c8d9972240dc5a4c56b81e9e1148005b0fb5"
"src/+jcga/adapt_controls_paper.m","1255","6b924e1196435e11aac130a13664343e4203a75e0cb3ebda2478e5c7a79656e6"
"src/+jcga/analyze_post_primary.m","31371","12c1753b6877ddeb2d1b7e618dbd54dd1cd9d60da1789e64e98de79412236699"
"src/+jcga/assert_frozen_post_primary_config.m","4868","3d7171d306d05e58c20b5b77a5bc6be3e1369e348d05d572d903d13edc33404c"
"src/+jcga/atomic_writetable.m","729","f55b744b2fb9228ea434620ff802826af4a3d34b53c82333a00a98c5544483a0"
"src/+jcga/build_diagnostic_cache_integrity.m","1497","7ff5679b18c82f4306a6754577d1fdf0fbaab6a1e8aa4e80adf3e9db271f67de"
"src/+jcga/build_diagnostic_run_configuration.m","2766","e7ecf4d0283f9d52bd8bdb158797f5f4891bf05b6b2e4bb522f66db519c39e96"
"src/+jcga/build_run_configuration.m","1783","9b94ab776df3a796c9e3ee990dbabb79091d691dbc4a5f8728ce1f2d33b2e13d"
"src/+jcga/classify_primary_failure_for_diagnostics.m","4079","5833bc56e09e7f397b3db03185ab02085ad201b502c7e4d1f1b750d06559ac8c"
"src/+jcga/create_instances.m","9732","6cc398192725f03ef3c10fbbc6bfe76a992382e881aeac580c2a27e1d5e02e66"
"src/+jcga/diagnostic_artifact_sha256.m","3637","193e79b2861c7fe3357af02873a514657a66e3cc24282a8886c170b9f9269843"
"src/+jcga/diagnostic_implementation_signature.m","2054","c1701fae573d28fdd5bc4b9674d67a78e8a08bf503c9f7cdcb9fbf76ca86fea0"
"src/+jcga/diagnostic_profiles.m","2707","37dd00e5358827efe786f80d6a2c7ee34d0b64691049b39e3deeb692de664e96"
"src/+jcga/diagnostic_result_row.m","4665","da84adfcee07579b31448c75b8236420b9d1c78eefab772ffe607a149dece28e"
"src/+jcga/diagnostic_threshold_reached.m","675","e409f6d1f6a83f036a2b9e4ce5dc43f0c79c4bdbcc7435de47a92fde2bf58d9b"
"src/+jcga/ensure_directories.m","488","e81ea4266bc9d8db90589b0c9c54bbe121625610c9436f5c35e04fd8704a4e80"
"src/+jcga/environment_snapshot.m","1539","7cdd6191733e86dee39862439594d058a3bfe9082e25009d478a186cc315b8d2"
"src/+jcga/frozen_post_primary_reference.m","3841","c7230391f53ce9c94c9ef7f6f069ec5be2056fe4d2e7d3e5538717afcf826794"
"src/+jcga/implementation_signature.m","1749","9f0bfed2751d78f5013428fdf2dc9b1e9b474e13c17096cb4e6e877038e63304"
"src/+jcga/instance_spec.m","1129","6a74d960c6aba6dc7f542ba22206b0eb23d5ffbe919c3184c25bd133bd1a29e7"
"src/+jcga/materialize_decision_variables.m","4069","ba52efcb57be9837125cbf1a578f9fd1b861f673c31d78c82319d0c2223b09d6"
"src/+jcga/post_primary_implementation_signature.m","1762","8478ccbff8a4c401400107332eee6e315a6e12eb6ed2d545065d4a847df712e1"
"src/+jcga/published_sensitivity_target.m","4119","080cd7f2e2eefe8e12cddb9fd6f473ac973b417200c8d8af044f47fe44747cd9"
"src/+jcga/published_target.m","3251","0000fe4f5a23887270e21b22cb4ef9539f6bbe194e8e663cac69d26c7f1194c8"
"src/+jcga/recovery_rmse.m","614","a2c63ff096e6d4be1d5a6e656aa6fccd8f29deb0bb20c231a9af86f6baa3d18d"
"src/+jcga/require_failed_primary_diagnostic_provenance.m","1293","0d6f7f72efd264ba0dcb8cf718f4f91f9cb74693937781caf93d86776757feea"
"src/+jcga/require_passed_primary.m","541","59e7fd7a8db1bd9f389e45ac71989f8b4ace2b21d1c14aa73eb60d3e55266729"
"src/+jcga/resolve_diagnostic_profile.m","1391","9c55fc98df25567e9623b58a2585cb199b92df06458cbaffd49482b724fdfa23"
"src/+jcga/result_row.m","3511","fd4cfc570681c254cb21edb2d0c439f87fc2e9ffa62b7c3db4a5a811ef74dcfd"
"src/+jcga/run_algorithm.m","13111","f9d6e4b34539f968c8d7355989e550d19f4fb34b254f5c1fd8d8395499f7ca86"
"src/+jcga/run_algorithm_diagnostic.m","25434","eaa3f393b6ca98d72f04b6aba46173624ab26187ca4883bfe4999e93ee088eea"
"src/+jcga/run_algorithm_paper.m","20638","b908dd9fc4b8c5a91e5063d9575e5afb39c6102effc6de06cf85b5d7e62c6be0"
"src/+jcga/run_cached_post_primary_profile.m","6786","b5aada051688d7d9a8856901346f12d3a3a10a0337dcae79f711d674302cef16"
"src/+jcga/run_comparison_variants.m","1877","ef8d35d8bd952a66a2d780b3c07f1d8e4dfc5e696fba6452811fe25c2f1a2b95"
"src/+jcga/run_failure_diagnostics.m","9042","5e447d8a3941eaa059831c65d45787fe628b083d8ff632e553ac0636f2e15f01"
"src/+jcga/run_horizon_sensitivity.m","2977","d46e7edb79093c20689e71d9dae2acd4488dc71d7f9c9019b872fab226c04f1e"
"src/+jcga/run_post_primary_experiments.m","6169","9a8f7f07221585535bfd3a5cb79114892784dbc27632b9b4506721fc3cdfea16"
"src/+jcga/run_primary_reproduction.m","4596","f4bd96a0ed9491a1d477bfcb0a8c0530da988f510a2ed5b8db0e1fdbcbf307b3"
"src/+jcga/select_paper_faithful.m","2974","9007f06a74a6b44e86e082ef2354beb58c3c4a5261b19509eae6b38630031e51"
"src/+jcga/sha256_bytes.m","340","bba306ec789d1c1ac6167070aa8d9793a6eaab773fa9e0f7b180fd5fccc3de44"
"src/+jcga/sha256_file.m","384","5568e11a199131faee26281ddcc34d8f52231e4559f455ce90316dfec8f3ccba"
"src/+jcga/stable_signature.m","233","7d4febcb965e294f792b0cd05d6592a7fbbde9c56bbe8d6403e384786f9f5562"
"src/+jcga/validate_diagnostic_cache.m","21731","6b53df0aeab114e236e487684ff0a276060792c2a85b40a8a819267b92b34a23"
"src/+jcga/validate_diagnostic_contract.m","3683","f8fe331830e95d393ac7735956ec00a56cfd30529d4576799ff9127b4f74410e"
"src/+jcga/validate_post_primary_cache.m","7597","e364aff017a17596add4032c9e98b5032819107de7a321d7f08bd0c12aacf7b0"
"src/+jcga/validate_post_primary_contract.m","989","21686c0f20c756cf70aeba62136ed74a653dfcaef933197b1b27b071a2dc2c25"
"src/+jcga/validate_post_primary_contract_for_profile.m","639","772ab14ae7d45e78b157fe4085f3a1ff10245fdee6a08bcff8ca5c91daaed062"
"src/+jcga/validate_primary_provenance.m","37457","ba0c3f9d705d68aea05a456f9675b7c542a346867e31532528af53dbafd5711a"
"src/+jcga/verify_diagnostic_profile.m","4591","2805e32e190a1d9c32a97ea80c064ac56ed7d8c07ea952bc7ee47cd6286f62a3"
"src/+jcga/verify_published.m","4052","b70734f47610967a5ff1dc82769a65e5456b1caf2a11247d7779ea90e944cb14"
"tests/test_core.m","11738","5e2f592744bd2d997f9c44233a4085f6ec83afb6ad2f64270c25beb5a94fdde9"
"tests/test_evidence_ledgers.m","5400","acf3b91f4bde79ef0f595ae3688c6f7f8cec26100fbceccb4a1244f41cb83ed3"
"tests/test_failure_diagnostics.m","25491","cfd48c92675b032b9e1bca6c00cdff157eebe36d09705fac00bf207022538794"
"tests/test_integrity.m","3675","346a4e44d6daba057d70e191a2ec2a19072bf6e513bea93c121ed73120cf49ca"
"tests/test_orchestration.m","27181","520256886232281f2a6e31c8c5571f8e09919959a6352a766f439fe9f11322e9"
"tests/test_post_primary_pipeline.m","12414","7b23c971f4fa68fef0e4ace317f68583c6b67c325b51bab7caaf4d857c51ca23"
"THIRD_PARTY_NOTICES.md","1037","401efa2f4ca2f399e7bed865ae224f1b1a41879207964278d3c333ec29786bf9"
